ORIGIN,DEST,CRS_ELAPSED_TIME,DISTANCE
ABE,BNA,126.0,684.0
ABE,CLT,112.0,481.0
ABE,DEN,235.0,1539.0
ABE,FLL,174.5,1041.0
ABE,MCO,159.0,906.0
ABE,MLB,144.0,914.0
ABE,MYR,100.0,518.0
ABE,ORD,152.0,654.0
ABE,PGD,177.0,1018.0
ABE,PIE,166.0,970.0
ABE,RSW,175.0,1038.0
ABE,SFB,146.0,882.0
ABE,SRQ,167.0,1000.0
ABI,DFW,61.0,158.0
ABQ,ATL,185.0,1269.0
ABQ,AUS,105.0,619.0
ABQ,BNA,160.0,1123.0
ABQ,BUR,130.0,672.0
ABQ,BWI,220.0,1670.0
ABQ,CLT,211.0,1449.0
ABQ,DAL,105.0,580.0
ABQ,DEN,85.0,349.0
ABQ,DFW,110.0,569.0
ABQ,HOU,125.0,759.0
ABQ,IAD,225.0,1628.0
ABQ,IAH,128.0,744.0
ABQ,JFK,251.0,1826.0
ABQ,LAS,100.0,486.0
ABQ,LAX,133.0,677.0
ABQ,LGB,120.0,664.0
ABQ,MCI,115.0,718.0
ABQ,MCO,217.5,1553.0
ABQ,MDW,160.0,1121.0
ABQ,MSP,155.0,981.0
ABQ,OAK,145.0,889.0
ABQ,ORD,179.0,1118.0
ABQ,PHL,245.0,1747.0
ABQ,PHX,85.0,328.0
ABQ,SAN,115.0,628.0
ABQ,SAT,100.0,609.0
ABQ,SEA,198.0,1180.0
ABQ,SFO,165.0,896.0
ABQ,SLC,108.0,493.0
ABR,MSP,78.0,257.0
ABY,ATL,69.0,145.0
ACK,BOS,57.0,91.0
ACK,CLT,145.0,723.0
ACK,DCA,101.0,405.0
ACK,HPN,64.0,191.0
ACK,JFK,74.5,199.0
ACK,LGA,76.0,202.0
ACK,ORD,185.0,924.0
ACK,PHL,90.0,288.0
ACT,DFW,62.0,89.0
ACV,DEN,164.0,1026.0
ACV,LAX,116.0,577.0
ACV,SFO,78.0,250.0
ACY,FLL,162.0,977.0
ACY,MCO,154.0,852.0
ACY,MIA,165.0,998.0
ACY,MYR,90.0,466.0
ACY,PBI,157.5,936.0
ACY,RSW,169.0,982.0
ACY,TPA,161.0,914.0
ADK,ANC,168.5,1192.0
ADQ,ANC,58.0,253.0
AEX,ATL,108.0,500.0
AEX,DFW,84.0,285.0
AGS,ATL,67.0,143.0
AGS,CLT,72.0,140.0
AGS,DCA,101.5,468.0
AGS,DFW,169.0,874.0
AGS,MIA,106.0,531.0
AGS,ORD,143.0,677.0
AGS,PHL,122.5,583.0
AKN,ANC,71.0,288.0
ALB,ATL,160.0,853.0
ALB,BNA,141.0,825.0
ALB,BWI,80.0,288.0
ALB,CLT,136.0,646.0
ALB,DCA,98.0,318.0
ALB,DEN,250.0,1610.0
ALB,DFW,240.0,1435.0
ALB,DTW,110.0,489.0
ALB,EWR,82.0,143.0
ALB,FLL,200.0,1204.0
ALB,LAS,325.0,2237.0
ALB,MCO,185.0,1073.0
ALB,MDW,130.0,717.0
ALB,MYR,127.0,685.0
ALB,ORD,159.0,723.0
ALB,PGD,204.0,1185.0
ALB,PIE,189.0,1138.0
ALB,SFB,174.0,1049.0
ALB,SRQ,195.0,1167.0
ALB,TPA,190.0,1130.0
ALO,ORD,82.0,234.0
AMA,AUS,80.0,419.0
AMA,DAL,75.0,323.0
AMA,DEN,97.0,359.0
AMA,DFW,77.0,312.0
AMA,HOU,105.0,537.0
AMA,IAH,116.0,517.0
AMA,LAS,135.0,758.0
ANC,ADK,195.5,1192.0
ANC,ADQ,63.0,253.0
ANC,AKN,69.0,288.0
ANC,ATL,411.0,3417.0
ANC,BET,82.0,399.0
ANC,BRW,120.0,725.0
ANC,CDV,54.0,160.0
ANC,DEN,317.0,2405.0
ANC,DFW,390.0,3043.0
ANC,DLG,75.0,329.0
ANC,DTW,375.0,2986.0
ANC,EWR,420.0,3370.0
ANC,FAI,65.0,261.0
ANC,HNL,374.0,2777.0
ANC,IAD,417.0,3356.0
ANC,IAH,417.0,3266.0
ANC,JFK,433.0,3386.0
ANC,JNU,101.0,571.0
ANC,KOA,381.0,2874.0
ANC,LAS,313.0,2304.0
ANC,LAX,321.0,2345.0
ANC,MSP,325.0,2519.0
ANC,OGG,374.0,2797.0
ANC,OME,97.0,539.0
ANC,ORD,377.0,2846.0
ANC,OTZ,97.0,548.0
ANC,PDX,216.0,1542.0
ANC,PHX,332.0,2552.0
ANC,SCC,105.0,626.0
ANC,SEA,212.0,1448.0
ANC,SFO,282.0,2018.0
ANC,SLC,279.0,2125.0
APN,DTW,71.0,198.0
ASE,ATL,199.0,1304.0
ASE,AUS,145.0,812.0
ASE,DEN,72.5,125.0
ASE,DFW,137.0,701.0
ASE,IAH,167.0,913.0
ASE,LAX,147.0,737.0
ASE,ORD,178.5,1013.0
ASE,PHX,120.0,491.0
ASE,SFO,162.0,848.0
ATL,ABQ,203.0,1269.0
ATL,ABY,60.0,145.0
ATL,AEX,104.0,500.0
ATL,AGS,55.0,143.0
ATL,ALB,133.5,853.0
ATL,ANC,452.0,3417.0
ATL,ASE,228.0,1304.0
ATL,ATW,133.0,765.0
ATL,AUS,150.0,813.0
ATL,AVL,58.0,164.0
ATL,BDL,135.0,859.0
ATL,BGR,166.0,1134.0
ATL,BHM,53.0,134.0
ATL,BMI,106.0,533.0
ATL,BNA,68.0,214.0
ATL,BOI,271.0,1838.0
ATL,BOS,156.5,946.0
ATL,BTR,94.0,448.0
ATL,BTV,147.0,961.0
ATL,BUF,120.0,712.0
ATL,BUR,299.0,1941.0
ATL,BWI,107.0,577.0
ATL,BZN,239.0,1640.0
ATL,CAE,59.0,192.0
ATL,CHA,52.0,106.0
ATL,CHO,84.5,457.0
ATL,CHS,70.0,259.0
ATL,CID,125.0,694.0
ATL,CLE,104.0,554.0
ATL,CLT,73.0,226.0
ATL,CMH,90.0,447.0
ATL,COS,188.0,1184.0
ATL,CRW,84.0,363.0
ATL,CVG,84.0,373.0
ATL,DAB,78.0,366.0
ATL,DAL,135.0,721.0
ATL,DAY,90.0,432.0
ATL,DCA,105.0,547.0
ATL,DEN,200.0,1199.0
ATL,DFW,147.0,731.0
ATL,DHN,63.0,170.0
ATL,DSM,132.0,743.0
ATL,DTW,117.0,594.0
ATL,ECP,66.0,240.0
ATL,EGE,215.0,1312.0
ATL,ELP,198.5,1282.0
ATL,EVV,86.0,350.0
ATL,EWR,131.0,746.0
ATL,EYW,113.0,646.0
ATL,FAR,182.0,1123.0
ATL,FAT,298.0,1997.0
ATL,FAY,79.0,331.0
ATL,FLL,111.0,581.0
ATL,FSD,156.0,954.0
ATL,FWA,105.0,508.0
ATL,GEG,282.0,1969.0
ATL,GNV,71.0,300.0
ATL,GPT,83.0,352.0
ATL,GRB,128.0,774.0
ATL,GRR,112.0,640.0
ATL,GSO,74.0,306.0
ATL,GSP,56.0,153.0
ATL,HDN,228.0,1340.0
ATL,HHH,75.0,238.0
ATL,HNL,603.5,4502.0
ATL,HOU,131.0,696.0
ATL,HPN,139.0,781.0
ATL,HSV,57.0,151.0
ATL,IAD,106.0,534.0
ATL,IAH,136.0,689.0
ATL,ICT,137.5,782.0
ATL,ILM,80.0,377.0
ATL,IND,90.0,432.0
ATL,JAC,233.0,1572.0
ATL,JAN,81.5,341.0
ATL,JAX,68.0,270.0
ATL,JFK,142.0,760.0
ATL,LAS,266.0,1747.0
ATL,LAX,295.5,1947.0
ATL,LEX,73.0,304.0
ATL,LFT,105.5,503.0
ATL,LGA,134.0,762.0
ATL,LIT,95.0,453.0
ATL,MCI,127.0,692.0
ATL,MCO,90.0,404.0
ATL,MDT,109.0,620.0
ATL,MDW,115.0,591.0
ATL,MEM,81.0,332.0
ATL,MGM,60.0,147.0
ATL,MIA,118.0,594.0
ATL,MKE,119.0,669.0
ATL,MLB,88.0,442.0
ATL,MOB,76.0,302.0
ATL,MSN,124.0,707.0
ATL,MSP,160.0,907.0
ATL,MSY,94.0,425.0
ATL,MTJ,229.0,1352.0
ATL,MYR,72.0,317.0
ATL,OGG,598.0,4431.0
ATL,OKC,136.0,761.0
ATL,OMA,141.0,821.0
ATL,ONT,274.0,1900.0
ATL,ORD,134.0,606.0
ATL,ORF,93.0,516.0
ATL,PBI,107.0,545.0
ATL,PDX,313.0,2172.0
ATL,PHL,120.0,666.0
ATL,PHX,250.0,1587.0
ATL,PIT,97.0,526.0
ATL,PNS,70.0,272.0
ATL,PSP,283.0,1840.0
ATL,PVD,138.0,903.0
ATL,PWM,156.0,1027.0
ATL,RAP,193.5,1230.0
ATL,RDU,83.0,356.0
ATL,RIC,93.0,481.0
ATL,RNO,285.0,1993.0
ATL,ROA,84.0,357.0
ATL,ROC,123.0,749.0
ATL,RSW,100.0,515.0
ATL,SAN,279.0,1892.0
ATL,SAT,149.0,874.0
ATL,SAV,65.0,215.0
ATL,SBA,305.0,2023.0
ATL,SBN,113.0,566.0
ATL,SDF,79.0,321.0
ATL,SEA,329.0,2182.0
ATL,SFO,315.0,2139.0
ATL,SGF,110.0,563.0
ATL,SHV,110.0,552.0
ATL,SJC,311.0,2116.0
ATL,SJU,211.0,1547.0
ATL,SLC,252.0,1590.0
ATL,SMF,300.0,2092.0
ATL,SNA,287.0,1919.0
ATL,SRQ,90.0,444.0
ATL,STL,102.0,484.0
ATL,STT,216.0,1599.0
ATL,STX,221.0,1638.0
ATL,SYR,128.0,794.0
ATL,TLH,63.0,223.0
ATL,TPA,86.0,406.0
ATL,TRI,66.0,227.0
ATL,TTN,130.0,701.0
ATL,TUL,123.0,674.0
ATL,TUS,239.0,1541.0
ATL,TVC,129.0,769.0
ATL,TYS,56.0,152.0
ATL,VPS,72.0,250.0
ATL,XNA,111.0,589.0
ATW,ATL,139.0,765.0
ATW,AZA,228.5,1452.0
ATW,BNA,107.0,570.0
ATW,CLT,142.0,742.0
ATW,DEN,172.0,883.0
ATW,DFW,169.5,908.0
ATW,DTW,80.0,296.0
ATW,EWR,125.0,772.0
ATW,FLL,204.0,1338.0
ATW,GUF,162.0,964.0
ATW,LAS,236.0,1510.0
ATW,MSP,80.0,236.0
ATW,ORD,81.0,160.0
ATW,PDX,241.0,1662.0
ATW,PGD,191.0,1250.0
ATW,PIE,182.0,1173.0
ATW,SAV,150.0,926.0
ATW,SFB,176.0,1141.0
ATW,SRQ,190.0,1209.0
ATY,DEN,123.0,519.0
ATY,MSP,71.0,193.0
AUS,ABQ,115.0,619.0
AUS,AGS,141.0,949.0
AUS,AMA,85.0,418.5
AUS,ASE,184.0,812.0
AUS,ATL,136.0,813.0
AUS,AVL,135.0,950.0
AUS,BNA,130.0,756.0
AUS,BOS,238.0,1698.0
AUS,BUR,195.0,1241.0
AUS,BWI,185.0,1342.0
AUS,CHS,155.0,1055.0
AUS,CLE,179.0,1174.0
AUS,CLT,165.5,1032.0
AUS,CMH,157.5,1073.0
AUS,CVG,150.0,958.0
AUS,DAL,65.0,189.0
AUS,DCA,190.0,1315.0
AUS,DEN,141.0,775.0
AUS,DFW,72.0,190.0
AUS,DSM,129.0,813.0
AUS,DTW,176.5,1149.0
AUS,ECP,121.0,710.0
AUS,ELP,100.0,528.0
AUS,EWR,221.0,1504.0
AUS,FLL,161.0,1105.0
AUS,GRR,161.0,1103.0
AUS,HNL,520.0,3764.0
AUS,HOU,60.0,148.0
AUS,HRL,70.0,273.0
AUS,IAD,196.0,1297.0
AUS,IAH,66.0,140.0
AUS,IND,143.0,919.0
AUS,JAX,158.0,953.0
AUS,JFK,231.0,1521.0
AUS,LAS,180.0,1090.0
AUS,LAX,205.0,1242.0
AUS,LBB,80.0,341.0
AUS,LGB,190.0,1226.0
AUS,MAF,76.0,294.0
AUS,MCI,115.0,650.0
AUS,MCO,154.5,994.0
AUS,MDW,150.0,972.0
AUS,MEM,110.0,559.0
AUS,MFE,82.0,279.0
AUS,MIA,166.0,1103.0
AUS,MKE,160.0,1032.0
AUS,MSP,166.0,1042.0
AUS,MSY,85.0,445.0
AUS,MTJ,150.0,818.0
AUS,OAK,230.0,1497.0
AUS,OKC,80.0,358.0
AUS,OMA,130.0,772.0
AUS,ONT,190.0,1196.0
AUS,ORD,169.0,977.0
AUS,PDX,256.0,1715.0
AUS,PHL,208.0,1430.5
AUS,PHX,155.0,872.0
AUS,PIT,175.0,1210.0
AUS,PSP,198.0,1132.0
AUS,PVU,168.5,1051.0
AUS,RDU,170.0,1162.0
AUS,RNO,215.0,1405.0
AUS,SAN,190.0,1164.0
AUS,SEA,278.0,1770.0
AUS,SFB,152.5,994.0
AUS,SFO,235.0,1504.0
AUS,SJC,225.0,1476.0
AUS,SLC,181.0,1086.0
AUS,SMF,235.0,1481.0
AUS,SNA,195.0,1209.0
AUS,SRQ,148.0,936.0
AUS,STL,125.0,721.0
AUS,TPA,140.0,928.0
AUS,TUL,85.0,426.0
AUS,TYS,129.0,882.0
AVL,ATL,66.5,164.0
AVL,AUS,164.0,950.0
AVL,BOS,133.0,783.0
AVL,CLT,70.0,91.0
AVL,DCA,94.0,384.0
AVL,DEN,220.0,1248.0
AVL,DFW,178.0,848.0
AVL,EWR,105.0,583.0
AVL,EYW,122.0,751.0
AVL,FLL,120.0,661.0
AVL,IAD,89.0,371.0
AVL,LAS,266.0,1824.0
AVL,LGA,114.0,599.0
AVL,MCO,96.0,488.0
AVL,MDW,100.5,521.0
AVL,MIA,119.0,677.0
AVL,MSP,153.0,861.0
AVL,ORD,128.0,536.0
AVL,PBI,108.0,620.0
AVL,PGD,107.0,588.0
AVL,PHX,287.0,1683.0
AVL,PIE,98.0,519.0
AVL,SFB,89.0,465.0
AVL,SRQ,104.0,554.0
AVL,VPS,89.0,412.0
AVP,CLT,118.0,509.0
AVP,ORD,143.0,632.0
AZA,ATW,202.0,1452.0
AZA,BIL,143.5,878.0
AZA,BIS,160.0,1092.0
AZA,BLI,190.0,1208.0
AZA,BOI,124.5,749.0
AZA,BZN,139.0,861.0
AZA,CID,175.5,1240.0
AZA,COS,112.0,543.0
AZA,CVG,209.0,1553.0
AZA,DSM,164.0,1137.0
AZA,EUG,167.0,971.0
AZA,FAR,179.0,1220.0
AZA,FCA,157.0,1044.0
AZA,FNT,214.0,1650.0
AZA,FSD,159.0,1072.0
AZA,FWA,202.0,1546.0
AZA,GEG,163.0,1034.0
AZA,GFK,185.0,1260.0
AZA,GRI,137.0,905.0
AZA,GRR,205.0,1561.0
AZA,GTF,153.5,978.0
AZA,ICT,126.0,855.0
AZA,IDA,118.0,705.0
AZA,MLI,181.0,1287.0
AZA,MOT,173.0,1164.0
AZA,MSO,150.5,948.0
AZA,MSP,180.0,1267.0
AZA,OMA,152.5,1026.0
AZA,PIA,177.5,1312.0
AZA,PSC,164.0,977.0
AZA,PVU,93.0,477.0
AZA,RAP,134.0,873.0
AZA,RFD,185.0,1373.0
AZA,SBN,202.0,1501.0
AZA,SGF,150.0,1066.0
AZA,STC,184.0,1259.0
AZA,TOL,216.0,1625.0
AZA,TVC,213.0,1599.0
AZA,XNA,139.0,1006.0
AZO,DTW,58.0,113.0
AZO,ORD,73.0,122.0
BDL,ATL,152.0,859.0
BDL,BNA,152.5,852.0
BDL,BWI,80.0,283.0
BDL,CLT,133.0,644.0
BDL,DCA,88.0,313.0
BDL,DEN,265.0,1671.0
BDL,DFW,241.0,1471.0
BDL,DTW,120.0,549.0
BDL,FLL,196.0,1173.0
BDL,IAD,86.0,325.0
BDL,JFK,61.0,106.0
BDL,MCO,181.0,1050.0
BDL,MDW,145.0,776.0
BDL,MIA,202.0,1194.0
BDL,MSP,185.0,1050.0
BDL,MYR,115.0,664.0
BDL,ORD,165.0,783.0
BDL,PBI,187.0,1133.0
BDL,PHL,79.0,196.0
BDL,RSW,204.0,1180.0
BDL,SJU,231.0,1666.0
BDL,TPA,185.0,1111.0
BET,ANC,76.0,399.0
BFF,DEN,68.0,150.0
BFL,DEN,152.0,845.0
BFL,DFW,191.0,1271.0
BFL,PHX,95.0,425.0
BFL,SFO,75.0,238.0
BGM,DTW,95.0,378.0
BGR,ATL,185.0,1134.0
BGR,CLT,167.0,921.0
BGR,DCA,123.0,590.0
BGR,EWR,109.0,393.0
BGR,FLL,220.0,1438.0
BGR,LGA,99.0,378.0
BGR,ORD,185.0,978.0
BGR,PGD,231.0,1433.0
BGR,PHL,110.5,473.0
BGR,PIE,215.0,1394.0
BGR,SFB,200.0,1299.0
BHM,ACT,111.0,626.0
BHM,ATL,67.0,134.0
BHM,BNA,55.0,177.0
BHM,BWI,120.0,682.0
BHM,CLT,96.0,350.0
BHM,DAL,115.0,587.0
BHM,DCA,127.0,653.0
BHM,DEN,197.0,1083.0
BHM,DFW,132.0,597.0
BHM,DTW,125.5,625.0
BHM,EWR,142.0,850.0
BHM,FLL,118.0,650.0
BHM,HOU,115.0,570.0
BHM,IAH,132.0,562.0
BHM,LAS,245.0,1618.0
BHM,MCO,100.0,479.0
BHM,MDW,110.0,570.0
BHM,MIA,119.0,661.0
BHM,MKE,118.0,650.0
BHM,MSN,114.0,675.0
BHM,OKC,125.0,632.0
BHM,ORD,140.5,584.0
BHM,PHL,139.0,772.0
BHM,PHX,230.0,1455.0
BHM,TLH,80.0,260.0
BHM,TPA,90.0,459.0
BIH,DEN,141.0,760.0
BIH,SFO,70.0,221.0
BIL,AZA,144.5,878.0
BIL,DEN,106.0,455.0
BIL,DFW,171.0,1081.0
BIL,LAS,130.0,754.0
BIL,MSP,125.0,748.0
BIL,ORD,174.0,1060.0
BIL,PHX,162.0,873.0
BIL,SLC,91.0,387.0
BIS,AZA,173.0,1092.0
BIS,DEN,122.0,516.0
BIS,DFW,161.0,977.0
BIS,LAS,168.0,1048.0
BIS,MSP,92.0,386.0
BIS,ORD,136.0,715.0
BIS,PIE,242.0,1629.0
BIS,SFB,234.0,1628.0
BJI,MSP,66.0,199.0
BLI,AZA,184.0,1208.0
BLI,LAS,154.0,954.0
BLI,LAX,165.0,1047.0
BLI,OAK,128.0,764.0
BLI,PSP,169.0,1078.0
BLI,SAN,171.0,1142.0
BLI,SEA,55.5,93.0
BLV,FLL,157.0,1028.0
BLV,GUF,114.0,582.0
BLV,JAX,118.0,723.0
BLV,LAS,214.0,1400.0
BLV,PGD,144.0,921.0
BLV,PIE,130.0,841.0
BLV,SFB,132.0,835.0
BLV,SRQ,135.0,876.0
BLV,TYS,67.0,373.0
BLV,VPS,103.0,587.0
BMI,ATL,109.0,533.0
BMI,DFW,142.0,690.0
BMI,ORD,66.0,116.0
BMI,PIE,140.0,936.0
BMI,SFB,141.5,917.0
BNA,ABE,114.0,684.5
BNA,ABQ,182.5,1123.0
BNA,ALB,145.0,825.0
BNA,ATL,70.0,214.0
BNA,ATW,106.5,570.0
BNA,AUS,147.0,756.0
BNA,BDL,140.0,852.0
BNA,BHM,50.0,177.0
BNA,BOS,155.0,942.0
BNA,BUF,110.0,633.0
BNA,BUR,275.0,1791.0
BNA,BWI,105.0,587.0
BNA,BZN,223.0,1435.0
BNA,CAK,86.5,435.5
BNA,CHS,90.0,439.0
BNA,CLE,90.0,448.0
BNA,CLT,90.0,328.0
BNA,CMH,80.0,337.0
BNA,CVG,70.0,230.0
BNA,DAL,120.0,623.0
BNA,DCA,108.0,562.0
BNA,DEN,180.0,1013.0
BNA,DFW,134.0,631.0
BNA,DSM,101.0,530.0
BNA,DTW,100.0,456.0
BNA,ECP,85.0,401.0
BNA,EWR,138.0,748.0
BNA,FAR,150.0,910.0
BNA,FLL,136.0,793.0
BNA,FNT,94.0,497.0
BNA,FSD,129.0,741.0
BNA,GRR,90.0,470.0
BNA,GSP,70.0,265.0
BNA,HDN,197.5,1153.0
BNA,HOU,135.0,670.0
BNA,IAD,108.0,542.0
BNA,IAH,141.0,657.0
BNA,IND,70.0,249.0
BNA,JAN,77.5,327.0
BNA,JAX,90.0,483.0
BNA,JFK,147.0,765.0
BNA,LAS,246.5,1587.0
BNA,LAX,277.5,1798.0
BNA,LGA,140.0,764.0
BNA,LGB,265.0,1785.0
BNA,MCI,105.0,491.0
BNA,MCO,115.0,616.0
BNA,MDT,106.0,608.0
BNA,MDW,95.0,395.0
BNA,MEM,55.0,200.0
BNA,MIA,140.0,806.0
BNA,MKE,95.0,475.0
BNA,MSP,134.0,695.0
BNA,MSY,100.0,471.0
BNA,MYR,90.0,471.0
BNA,OKC,115.0,616.0
BNA,OMA,110.0,612.0
BNA,ONT,265.0,1751.0
BNA,ORD,115.0,409.0
BNA,ORF,110.0,585.0
BNA,PBI,132.5,757.0
BNA,PDX,299.0,1973.0
BNA,PGD,125.5,692.0
BNA,PHL,124.5,675.0
BNA,PHX,240.0,1449.0
BNA,PIA,79.0,353.0
BNA,PIE,107.0,612.0
BNA,PIT,90.0,462.0
BNA,PNS,85.0,391.0
BNA,PVD,145.0,906.0
BNA,PVU,221.0,1388.0
BNA,PWM,150.0,1010.0
BNA,RDU,95.0,442.0
BNA,RIC,95.0,527.0
BNA,RSW,125.0,722.0
BNA,SAN,265.0,1751.0
BNA,SAT,150.0,822.0
BNA,SAV,85.0,417.0
BNA,SDF,50.0,151.0
BNA,SEA,307.0,1978.0
BNA,SFB,108.0,598.0
BNA,SFO,290.0,1969.0
BNA,SHV,100.0,481.0
BNA,SJC,295.0,1947.0
BNA,SJU,235.0,1753.0
BNA,SLC,223.5,1404.0
BNA,SMF,280.0,1917.0
BNA,SNA,265.0,1772.0
BNA,SRQ,115.0,648.0
BNA,STL,75.0,272.0
BNA,SYR,122.0,741.0
BNA,TPA,110.0,612.0
BNA,TUL,105.0,515.0
BNA,VPS,90.0,389.0
BNA,XNA,85.0,426.0
BOI,ATL,246.0,1838.0
BOI,AZA,126.0,749.0
BOI,BUR,127.5,656.0
BOI,DEN,118.0,649.0
BOI,DFW,191.0,1272.0
BOI,GEG,71.0,287.0
BOI,LAS,110.0,519.0
BOI,LAX,147.0,674.0
BOI,MCO,323.0,2194.0
BOI,MDW,202.5,1448.0
BOI,MSP,171.0,1142.0
BOI,OAK,105.0,512.0
BOI,ORD,220.0,1437.0
BOI,PDX,82.0,344.0
BOI,PHX,130.0,735.0
BOI,PSP,136.0,672.0
BOI,SAN,144.0,749.0
BOI,SEA,104.0,399.0
BOI,SFO,118.0,522.0
BOI,SJC,110.0,523.0
BOI,SLC,77.0,290.0
BOI,SMF,90.0,437.0
BOI,SNA,136.5,688.0
BOS,ACK,53.0,91.0
BOS,ATL,179.0,946.0
BOS,AUS,279.0,1698.0
BOS,AVL,142.0,783.0
BOS,BNA,175.0,942.0
BOS,BUF,96.0,395.0
BOS,BWI,100.0,369.0
BOS,BZN,297.0,1991.0
BOS,CHS,155.0,818.0
BOS,CLE,130.0,563.0
BOS,CLT,154.0,728.0
BOS,CMH,139.0,640.0
BOS,CVG,152.0,752.0
BOS,DAB,195.0,1068.0
BOS,DAL,250.0,1554.0
BOS,DCA,110.0,399.0
BOS,DEN,283.5,1754.0
BOS,DFW,265.0,1562.0
BOS,DSM,187.0,1165.0
BOS,DTW,136.5,632.0
BOS,EWR,88.0,200.0
BOS,EYW,233.0,1373.0
BOS,FLL,210.5,1237.0
BOS,GRR,133.0,740.0
BOS,HHH,159.0,878.0
BOS,HNL,677.0,5095.0
BOS,IAD,103.0,413.0
BOS,IAH,266.0,1597.0
BOS,ILM,129.5,672.0
BOS,IND,166.0,818.0
BOS,JAX,183.0,1011.0
BOS,JFK,85.0,187.0
BOS,LAS,362.0,2381.0
BOS,LAX,390.0,2611.0
BOS,LGA,85.0,184.0
BOS,MCI,220.0,1256.0
BOS,MCO,202.5,1121.0
BOS,MDW,165.0,861.0
BOS,MEM,204.0,1139.0
BOS,MIA,217.0,1258.0
BOS,MKE,166.0,860.0
BOS,MSP,199.0,1124.0
BOS,MSY,231.0,1368.0
BOS,MVY,46.0,70.0
BOS,MYR,137.0,738.0
BOS,ORD,179.0,867.0
BOS,ORF,112.0,468.0
BOS,PBI,203.0,1197.0
BOS,PDX,380.0,2537.0
BOS,PHL,98.0,280.0
BOS,PHX,353.5,2300.0
BOS,PIT,118.0,496.0
BOS,PQI,87.0,333.0
BOS,RDU,131.0,612.0
BOS,RIC,119.0,473.0
BOS,RSW,218.0,1249.0
BOS,SAN,383.0,2588.0
BOS,SAT,280.0,1764.0
BOS,SAV,166.0,901.0
BOS,SDF,162.0,829.0
BOS,SEA,381.0,2496.0
BOS,SFO,405.0,2704.0
BOS,SJU,242.0,1674.0
BOS,SLC,327.0,2105.0
BOS,SMF,393.0,2636.0
BOS,SRQ,213.5,1220.0
BOS,STL,188.5,1047.0
BOS,STT,242.0,1693.0
BOS,SYR,82.0,265.0
BOS,TPA,206.5,1185.0
BOS,TVC,149.0,749.0
BOS,TYS,142.0,830.0
BOS,VRB,205.0,1144.0
BPT,DFW,85.0,270.0
BQN,EWR,237.0,1585.0
BQN,FLL,156.5,982.0
BQN,JFK,236.0,1576.0
BQN,MCO,180.5,1129.0
BRD,MSP,57.5,114.0
BRO,DFW,102.0,482.0
BRW,ANC,111.0,725.0
BTM,DEN,121.0,578.0
BTM,SLC,82.5,357.0
BTR,ATL,99.0,448.0
BTR,CLT,130.0,675.0
BTR,DCA,159.0,985.0
BTR,DFW,97.0,383.0
BTR,IAH,86.0,253.0
BTV,ATL,180.5,961.0
BTV,CLT,152.0,761.0
BTV,DCA,111.0,437.0
BTV,DEN,257.0,1639.0
BTV,DTW,125.0,537.0
BTV,EWR,98.0,266.0
BTV,IAD,110.0,441.0
BTV,LGA,88.0,258.0
BTV,MCO,209.0,1194.0
BTV,MSP,177.0,987.0
BTV,ORD,160.0,763.0
BTV,PHL,97.5,335.0
BTV,TPA,210.0,1250.0
BUF,ATL,135.0,712.0
BUF,BNA,115.0,633.0
BUF,BOS,86.0,395.0
BUF,BWI,75.0,281.0
BUF,CLT,117.0,546.0
BUF,DAL,192.5,1206.0
BUF,DCA,85.0,296.0
BUF,DEN,220.0,1359.0
BUF,DFW,199.5,1212.0
BUF,DTW,78.0,241.0
BUF,EWR,95.0,282.0
BUF,FLL,185.0,1166.0
BUF,IAD,78.5,283.0
BUF,JFK,90.0,301.0
BUF,LAS,295.0,1986.0
BUF,LAX,314.0,2218.0
BUF,LGA,84.0,292.0
BUF,MCO,167.0,1011.0
BUF,MDW,100.0,468.0
BUF,MIA,213.0,1185.0
BUF,MSP,131.0,735.0
BUF,ORD,118.0,474.0
BUF,PBI,180.0,1123.0
BUF,PHL,82.0,279.0
BUF,PHX,280.0,1912.0
BUF,RDU,106.0,487.0
BUF,RSW,189.5,1144.0
BUF,SRQ,170.0,1093.0
BUF,TPA,166.0,1053.0
BUR,ABQ,115.0,672.0
BUR,ATL,267.5,1941.0
BUR,AUS,180.0,1241.0
BUR,BNA,240.0,1791.0
BUR,BOI,124.0,656.0
BUR,DAL,185.0,1243.0
BUR,DEN,145.0,850.0
BUR,DFW,191.5,1231.0
BUR,EUG,145.0,732.0
BUR,HOU,195.0,1389.0
BUR,JFK,325.5,2465.0
BUR,LAS,70.0,223.0
BUR,MCI,190.0,1354.0
BUR,MDW,235.0,1740.0
BUR,MSY,210.0,1668.0
BUR,OAK,80.0,325.0
BUR,PDX,144.0,817.0
BUR,PHX,95.0,369.0
BUR,PSC,158.0,833.0
BUR,RDM,139.0,709.0
BUR,RNO,85.0,374.0
BUR,SAT,160.0,1211.0
BUR,SEA,169.0,937.0
BUR,SFO,93.0,326.0
BUR,SJC,75.0,296.0
BUR,SLC,119.0,574.0
BUR,SMF,85.0,358.0
BUR,STL,215.0,1583.0
BUR,STS,102.0,387.0
BWI,ABQ,260.0,1670.0
BWI,ALB,80.0,288.0
BWI,ATL,120.0,577.0
BWI,AUS,215.0,1342.0
BWI,BDL,75.0,283.0
BWI,BHM,125.0,682.0
BWI,BNA,120.0,587.0
BWI,BOS,90.0,369.0
BWI,BUF,75.0,281.0
BWI,CHS,105.0,472.0
BWI,CLE,80.0,314.0
BWI,CLT,97.0,361.0
BWI,CMH,85.0,337.0
BWI,COS,235.0,1503.0
BWI,CVG,95.0,430.0
BWI,DAL,195.0,1209.0
BWI,DEN,240.0,1491.0
BWI,DFW,218.0,1217.0
BWI,DTW,95.0,409.0
BWI,ECP,140.0,798.0
BWI,FLL,162.0,925.0
BWI,GRR,105.0,528.0
BWI,GSP,95.0,426.0
BWI,HOU,205.0,1246.0
BWI,IAH,210.0,1235.0
BWI,IND,110.0,516.0
BWI,ISP,70.0,220.0
BWI,JAN,165.0,888.0
BWI,JAX,125.0,663.0
BWI,LAS,315.0,2106.0
BWI,LAX,345.0,2329.0
BWI,LGB,330.0,2318.0
BWI,MCI,165.0,966.0
BWI,MCO,150.0,787.0
BWI,MDW,125.0,611.0
BWI,MEM,145.0,787.0
BWI,MHT,90.0,377.0
BWI,MIA,165.0,946.0
BWI,MKE,125.0,641.0
BWI,MSP,165.0,936.0
BWI,MSY,165.0,998.0
BWI,MYR,90.0,399.0
BWI,ONT,320.0,2283.0
BWI,ORD,136.0,622.0
BWI,ORF,60.0,159.0
BWI,PBI,155.0,883.0
BWI,PDX,335.0,2358.0
BWI,PHX,305.0,1999.0
BWI,PIT,65.0,210.0
BWI,PVD,80.0,327.0
BWI,PWM,90.0,452.0
BWI,RDU,75.0,255.0
BWI,RIC,55.0,121.0
BWI,ROC,75.0,277.0
BWI,RSW,160.0,919.0
BWI,SAN,335.0,2295.0
BWI,SAT,215.0,1407.0
BWI,SAV,110.0,548.0
BWI,SDF,105.0,495.0
BWI,SEA,350.5,2335.0
BWI,SFO,350.0,2457.0
BWI,SJC,340.0,2439.0
BWI,SJU,240.0,1565.0
BWI,SLC,291.5,1865.0
BWI,SMF,347.5,2395.0
BWI,SRQ,155.0,880.0
BWI,STL,135.0,738.0
BWI,TPA,152.0,842.0
BWI,VPS,145.0,819.0
BZN,ATL,231.0,1640.0
BZN,AZA,141.0,861.0
BZN,BNA,202.0,1435.0
BZN,BOS,265.0,1991.0
BZN,CLT,245.5,1736.0
BZN,DAL,172.5,1172.0
BZN,DEN,110.0,524.0
BZN,DFW,180.0,1163.0
BZN,DTW,199.0,1400.0
BZN,EWR,255.0,1882.0
BZN,IAD,239.0,1773.0
BZN,IAH,200.0,1385.0
BZN,JFK,265.0,1902.0
BZN,LAS,130.0,701.0
BZN,LAX,173.0,902.0
BZN,LGA,245.0,1894.0
BZN,MDW,175.0,1198.0
BZN,MSP,140.0,874.0
BZN,ORD,186.0,1185.0
BZN,PDX,116.0,554.0
BZN,SAN,169.0,956.0
BZN,SEA,123.0,543.0
BZN,SFO,160.5,807.0
BZN,SLC,84.0,347.0
CAE,ATL,73.0,192.0
CAE,CLT,67.0,88.0
CAE,DCA,95.0,408.0
CAE,DFW,174.0,922.0
CAE,EWR,117.0,602.5
CAE,FLL,108.0,545.0
CAE,LGA,115.0,617.0
CAE,MCO,82.5,380.0
CAE,MIA,112.0,563.0
CAE,ORD,151.0,666.0
CAE,SFB,91.0,356.0
CAK,BNA,90.5,435.5
CAK,CLT,108.0,394.0
CAK,DCA,82.5,274.0
CAK,FLL,170.5,1026.0
CAK,JAX,118.0,719.0
CAK,MYR,93.0,518.0
CAK,ORD,106.0,344.0
CAK,PGD,148.0,965.0
CAK,PIE,138.0,899.0
CAK,SAV,104.0,606.0
CAK,SFB,133.0,837.0
CAK,SRQ,150.0,934.0
CAK,VPS,144.0,774.0
CDC,SLC,68.0,221.0
CDV,ANC,53.5,160.0
CDV,YAK,59.0,213.0
CHA,ATL,59.0,106.0
CHA,CLT,86.0,241.0
CHA,DCA,113.5,523.0
CHA,DFW,144.0,695.0
CHA,EWR,135.0,718.0
CHA,FLL,125.5,687.0
CHA,LAS,256.0,1682.0
CHA,MCO,99.0,510.0
CHA,MIA,134.0,701.0
CHA,ORD,125.0,501.0
CHA,PGD,112.0,591.0
CHA,PIE,96.0,513.0
CHA,SFB,92.0,490.0
CHO,ATL,104.0,457.0
CHO,LGA,92.0,305.0
CHO,ORD,126.0,566.0
CHS,ATL,77.0,259.0
CHS,AUS,165.0,1055.0
CHS,BNA,97.5,439.0
CHS,BOS,144.0,818.0
CHS,BWI,90.0,472.0
CHS,CLT,72.5,168.0
CHS,CVG,103.0,497.0
CHS,DAL,170.0,977.0
CHS,DCA,98.0,444.0
CHS,DEN,234.0,1449.0
CHS,DFW,181.0,987.0
CHS,DTW,124.0,667.0
CHS,EWR,119.0,628.0
CHS,FLL,99.0,470.0
CHS,HOU,150.0,928.0
CHS,IAD,100.0,441.0
CHS,IAH,159.0,925.0
CHS,IND,110.0,585.0
CHS,JFK,119.0,636.0
CHS,LCK,97.0,503.0
CHS,LGA,122.0,641.0
CHS,MDW,135.0,745.0
CHS,MIA,105.5,489.0
CHS,MSP,185.0,1087.0
CHS,ORD,153.0,760.0
CHS,PHL,111.0,550.0
CHS,SEA,366.0,2415.0
CHS,STL,130.0,706.0
CID,ATL,125.5,694.0
CID,AZA,201.0,1240.0
CID,BNA,89.0,481.0
CID,CLT,136.5,742.0
CID,DCA,135.0,801.0
CID,DEN,137.0,692.0
CID,DFW,137.0,685.0
CID,FLL,195.5,1273.0
CID,LAS,210.0,1319.0
CID,LAX,225.0,1550.0
CID,MIA,205.0,1286.0
CID,MSP,79.0,220.0
CID,ORD,81.0,196.0
CID,PGD,173.0,1170.0
CID,PHX,209.5,1252.0
CID,PIE,154.5,1090.0
CID,SFB,154.5,1078.0
CID,SRQ,167.5,1125.0
CIU,DTW,81.0,284.0
CIU,MSP,114.0,435.0
CIU,ORD,88.0,341.0
CKB,PIE,132.0,798.0
CKB,SFB,118.0,727.0
CLD,PHX,82.0,306.0
CLE,ATL,118.0,554.0
CLE,AUS,195.0,1174.0
CLE,BNA,95.0,448.0
CLE,BOS,112.0,563.0
CLE,BWI,80.0,314.0
CLE,CLT,104.0,430.0
CLE,DCA,86.0,310.0
CLE,DEN,203.0,1201.0
CLE,DFW,182.5,1021.0
CLE,DTW,59.5,95.0
CLE,EWR,96.0,404.0
CLE,FLL,173.5,1062.0
CLE,IAD,78.0,288.0
CLE,IAH,192.0,1091.0
CLE,JFK,106.0,425.0
CLE,LAS,281.0,1824.0
CLE,LAX,313.0,2052.0
CLE,LGA,98.0,419.0
CLE,MCO,154.0,895.0
CLE,MDW,75.0,307.0
CLE,MIA,179.0,1080.0
CLE,MSP,129.0,622.0
CLE,MYR,103.0,557.0
CLE,ORD,95.0,316.0
CLE,PBI,188.5,1020.0
CLE,PHL,88.0,363.0
CLE,PHX,275.0,1737.0
CLE,PIT,49.0,106.0
CLE,RDU,92.5,416.0
CLE,RSW,172.0,1025.0
CLE,SEA,306.5,2021.0
CLE,SFO,322.5,2161.0
CLE,SJU,259.5,1839.0
CLE,SLC,262.0,1565.0
CLE,SRQ,161.0,967.0
CLE,STL,95.0,487.0
CLE,TPA,156.0,927.0
CLL,DFW,70.0,164.0
CLT,ABE,105.0,481.0
CLT,AGS,69.0,140.0
CLT,ALB,118.0,646.0
CLT,ATL,80.0,226.0
CLT,ATW,147.0,742.0
CLT,AUS,184.0,1032.0
CLT,AVL,58.0,91.0
CLT,AVP,108.0,509.0
CLT,BDL,117.5,644.0
CLT,BGR,147.0,921.0
CLT,BHM,95.5,350.0
CLT,BNA,91.0,328.0
CLT,BOS,134.0,728.0
CLT,BTR,139.0,675.0
CLT,BTV,136.0,761.0
CLT,BUF,106.0,546.0
CLT,BWI,90.0,361.0
CLT,BZN,270.0,1736.0
CLT,CAE,60.5,88.0
CLT,CAK,99.0,394.0
CLT,CHA,80.0,241.0
CLT,CHS,69.0,168.0
CLT,CID,146.0,742.0
CLT,CLE,98.0,430.0
CLT,CMH,88.0,347.0
CLT,CRW,77.0,221.0
CLT,CVG,90.0,335.0
CLT,DAB,99.0,416.0
CLT,DAL,165.0,926.0
CLT,DAY,98.5,370.0
CLT,DCA,84.0,331.0
CLT,DEN,225.0,1337.0
CLT,DFW,175.0,935.0
CLT,DSM,150.0,815.0
CLT,DTW,110.0,500.0
CLT,ECP,105.0,437.0
CLT,ERI,106.0,475.0
CLT,EWN,73.0,222.0
CLT,EWR,116.0,529.0
CLT,EYW,136.0,736.0
CLT,FAY,58.0,118.0
CLT,FLL,120.0,632.0
CLT,FWA,112.0,460.0
CLT,GNV,97.0,388.0
CLT,GPT,125.0,577.0
CLT,GRR,113.0,583.0
CLT,GSO,57.0,83.0
CLT,GSP,56.0,75.0
CLT,HHH,73.0,206.0
CLT,HOU,175.0,920.0
CLT,HPN,123.0,564.0
CLT,HSV,95.5,333.0
CLT,IAD,88.0,322.0
CLT,IAH,169.0,912.0
CLT,ILM,65.0,185.0
CLT,IND,101.0,427.0
CLT,JAC,255.0,1685.0
CLT,JAN,126.0,562.0
CLT,JAX,84.0,328.0
CLT,JFK,116.0,542.0
CLT,LAS,292.0,1916.0
CLT,LAX,319.0,2125.0
CLT,LEX,84.0,281.0
CLT,LFT,146.0,729.0
CLT,LGA,110.0,544.0
CLT,LIT,138.5,640.0
CLT,MCI,148.5,808.0
CLT,MCO,104.0,468.0
CLT,MDT,95.0,413.0
CLT,MDW,120.0,584.0
CLT,MEM,113.0,511.0
CLT,MHT,135.0,737.0
CLT,MIA,127.0,650.0
CLT,MKE,128.0,651.0
CLT,MLB,109.0,490.0
CLT,MLI,134.0,674.0
CLT,MSN,136.0,708.0
CLT,MSP,170.0,930.0
CLT,MSY,125.0,651.0
CLT,MVY,139.0,704.0
CLT,MYR,65.0,157.0
CLT,OAJ,70.0,191.0
CLT,OKC,168.5,940.0
CLT,OMA,161.0,913.0
CLT,ONT,315.0,2078.0
CLT,ORD,134.0,599.0
CLT,ORF,76.0,290.0
CLT,PBI,114.0,590.0
CLT,PDX,331.5,2282.0
CLT,PHL,103.0,449.0
CLT,PHX,278.0,1773.0
CLT,PIA,131.0,607.0
CLT,PIT,85.0,366.0
CLT,PNS,113.0,488.0
CLT,PVD,121.0,684.0
CLT,PWM,142.0,813.0
CLT,RAP,216.5,1322.0
CLT,RDU,58.0,130.0
CLT,RIC,72.0,257.0
CLT,ROC,110.0,573.0
CLT,RSW,115.0,600.0
CLT,SAN,305.5,2077.0
CLT,SAT,188.0,1095.0
CLT,SAV,75.0,213.0
CLT,SBN,120.0,534.0
CLT,SDF,92.0,335.0
CLT,SEA,344.0,2279.0
CLT,SFO,343.0,2296.0
CLT,SGF,147.0,708.0
CLT,SHV,154.0,764.0
CLT,SJU,219.0,1475.0
CLT,SLC,270.5,1727.0
CLT,SMF,326.0,2244.0
CLT,SNA,307.0,2099.0
CLT,SRQ,114.0,547.0
CLT,STL,122.0,575.0
CLT,STT,215.0,1520.0
CLT,STX,220.0,1562.0
CLT,SYR,111.0,603.0
CLT,TLH,98.5,386.0
CLT,TPA,104.0,507.0
CLT,TUL,161.0,842.0
CLT,TVC,138.5,702.0
CLT,TYS,70.0,177.0
CLT,VPS,105.0,460.0
CLT,XNA,149.0,754.0
CMH,ATL,100.0,447.0
CMH,AUS,182.5,1073.0
CMH,BNA,85.0,338.0
CMH,BOS,122.0,640.0
CMH,BWI,80.0,337.0
CMH,CLT,95.0,347.0
CMH,DAL,160.0,919.0
CMH,DCA,82.0,323.0
CMH,DEN,195.0,1154.0
CMH,DFW,178.0,926.0
CMH,DTW,66.0,155.0
CMH,EWR,112.0,463.0
CMH,FLL,157.0,973.0
CMH,HOU,170.0,1000.0
CMH,IAD,81.0,299.0
CMH,IAH,182.0,986.0
CMH,JFK,118.0,483.0
CMH,LAS,265.0,1771.0
CMH,LAX,297.5,1995.0
CMH,LGA,107.0,479.0
CMH,MCO,138.5,802.0
CMH,MDW,75.0,283.0
CMH,MIA,161.0,990.0
CMH,MSN,93.0,398.0
CMH,MSP,126.0,626.0
CMH,MYR,85.0,488.0
CMH,ORD,93.0,296.0
CMH,PHL,93.0,407.0
CMH,PHX,255.0,1670.0
CMH,RSW,150.0,930.0
CMH,SAN,285.0,1964.0
CMH,SEA,307.0,2016.0
CMH,SFO,306.0,2120.0
CMH,SLC,246.0,1528.0
CMH,SRQ,140.0,869.0
CMH,STL,90.0,409.0
CMH,TPA,135.0,829.0
CMI,DFW,140.0,692.0
CMI,ORD,70.0,135.0
CMX,ORD,107.0,360.0
COD,DEN,105.0,391.0
COS,ATL,175.0,1184.0
COS,AZA,115.0,543.0
COS,BWI,205.0,1503.0
COS,DAL,110.0,602.0
COS,DEN,60.0,73.0
COS,DFW,115.0,592.0
COS,HOU,140.0,829.0
COS,IAH,150.5,809.0
COS,LAS,120.0,604.0
COS,MDW,140.0,917.0
COS,MSP,128.0,725.0
COS,ORD,166.0,911.0
COS,PHX,110.0,551.0
COS,PIE,218.0,1472.0
COS,SAN,140.0,816.0
COS,SLC,118.0,411.0
COS,SNA,147.5,815.0
COU,DEN,148.0,671.0
COU,DFW,111.5,490.0
COU,ORD,90.0,315.0
CPR,DEN,85.0,230.0
CRP,DEN,165.0,930.0
CRP,DFW,88.0,355.0
CRP,HOU,65.0,187.0
CRP,IAH,71.0,201.0
CRW,ATL,94.0,363.0
CRW,CLT,89.0,221.0
CRW,DCA,79.0,249.0
CRW,ORD,114.0,416.0
CVG,ATL,95.0,373.0
CVG,AUS,185.0,958.0
CVG,AZA,239.0,1553.0
CVG,BNA,65.0,230.0
CVG,BOS,135.0,752.0
CVG,BWI,85.0,430.0
CVG,CHS,96.0,497.0
CVG,CLT,98.0,335.0
CVG,DCA,96.0,411.0
CVG,DEN,188.0,1069.0
CVG,DFW,154.0,812.0
CVG,DTW,77.0,229.0
CVG,EWR,121.0,569.0
CVG,EYW,155.0,1013.0
CVG,FLL,154.0,932.0
CVG,GUF,121.0,627.0
CVG,IAD,95.0,388.0
CVG,IAH,165.0,871.0
CVG,JAX,110.0,613.0
CVG,JFK,127.0,589.0
CVG,LAS,260.0,1678.0
CVG,LAX,284.0,1900.0
CVG,LGA,117.0,585.0
CVG,MCO,132.0,757.0
CVG,MDW,70.0,249.0
CVG,MIA,158.0,948.0
CVG,MLB,129.0,789.0
CVG,MSP,122.0,596.0
CVG,MSY,131.0,701.0
CVG,MYR,90.0,489.0
CVG,ORD,92.5,264.0
CVG,PBI,156.0,892.0
CVG,PDX,281.0,1975.0
CVG,PGD,142.0,850.0
CVG,PHL,106.0,507.0
CVG,PHX,251.0,1569.0
CVG,PIE,128.0,776.0
CVG,RDU,91.0,390.0
CVG,RSW,144.0,879.0
CVG,SAV,95.5,515.0
CVG,SEA,301.0,1965.0
CVG,SFB,123.0,735.0
CVG,SLC,227.0,1450.0
CVG,SRQ,132.0,812.0
CVG,TPA,133.0,773.0
CVG,VPS,110.0,600.0
CWA,ORD,85.0,213.0
CYS,DEN,53.0,90.0
DAB,ATL,90.0,366.0
DAB,CLT,107.0,416.0
DAB,DCA,129.0,705.0
DAL,ABQ,115.0,580.0
DAL,AMA,80.0,323.0
DAL,ATL,124.0,721.0
DAL,AUS,60.0,189.0
DAL,BHM,95.0,587.0
DAL,BNA,105.0,623.0
DAL,BOS,220.0,1554.0
DAL,BUF,175.0,1206.0
DAL,BUR,205.0,1243.0
DAL,BWI,170.0,1209.0
DAL,BZN,180.0,1172.0
DAL,CHS,145.0,977.0
DAL,CLT,150.0,926.0
DAL,CMH,135.0,919.0
DAL,COS,115.0,602.0
DAL,DCA,165.0,1184.0
DAL,DEN,125.0,651.0
DAL,ECP,110.0,674.0
DAL,ELP,105.0,562.0
DAL,FAT,195.0,1325.0
DAL,FLL,160.0,1108.0
DAL,HDN,145.0,779.0
DAL,HOU,70.0,239.0
DAL,HRL,90.0,458.0
DAL,IND,120.0,755.0
DAL,JAX,130.0,907.0
DAL,LAS,180.0,1067.0
DAL,LAX,205.0,1246.0
DAL,LBB,75.0,293.0
DAL,LGA,200.0,1381.0
DAL,LGB,200.0,1232.0
DAL,LIT,70.0,296.0
DAL,MAF,75.0,319.0
DAL,MCI,90.0,461.0
DAL,MCO,155.0,973.0
DAL,MDW,130.0,793.0
DAL,MEM,85.0,423.0
DAL,MIA,165.0,1109.0
DAL,MKE,135.0,850.0
DAL,MSP,135.0,853.0
DAL,MSY,85.0,437.0
DAL,MTJ,140.0,733.0
DAL,MYR,145.0,1038.0
DAL,OAK,230.0,1468.0
DAL,OMA,105.0,586.0
DAL,ONT,195.0,1200.0
DAL,ORD,145.0,798.0
DAL,ORF,170.0,1203.0
DAL,PDX,240.0,1626.0
DAL,PHL,190.0,1295.0
DAL,PHX,160.0,879.0
DAL,PIT,155.0,1060.0
DAL,PNS,100.0,592.0
DAL,RDU,155.0,1052.0
DAL,RNO,210.0,1356.0
DAL,RSW,145.0,1005.0
DAL,SAN,190.0,1182.0
DAL,SAT,70.0,247.0
DAL,SAV,130.0,915.0
DAL,SDF,120.0,725.0
DAL,SEA,271.0,1670.0
DAL,SJC,225.0,1450.0
DAL,SLC,170.0,999.0
DAL,SMF,225.0,1442.0
DAL,SNA,200.0,1216.0
DAL,SRQ,135.0,934.0
DAL,STL,100.0,546.0
DAL,TPA,140.0,917.0
DAL,TUL,65.0,238.0
DAL,TUS,145.0,824.0
DAL,VPS,110.0,630.0
DAY,ATL,104.0,432.0
DAY,CLT,105.0,370.0
DAY,DCA,92.0,391.0
DAY,DEN,200.0,1085.0
DAY,DFW,166.0,861.0
DAY,LGA,111.0,549.0
DAY,ORD,90.0,240.0
DAY,PGD,143.0,904.0
DAY,PHL,99.0,477.0
DAY,PIE,135.0,831.0
DAY,SFB,126.0,785.0
DCA,ACK,98.0,405.0
DCA,AGS,105.0,468.0
DCA,ALB,90.0,318.0
DCA,ATL,119.0,547.0
DCA,AUS,210.0,1315.0
DCA,AVL,96.5,384.0
DCA,BDL,85.0,313.0
DCA,BGR,115.5,590.0
DCA,BHM,133.0,653.0
DCA,BNA,121.5,562.0
DCA,BOS,99.0,399.0
DCA,BTR,179.0,985.0
DCA,BTV,103.0,437.0
DCA,BUF,82.0,296.0
DCA,CAE,101.0,408.0
DCA,CAK,83.0,274.0
DCA,CHA,112.0,523.0
DCA,CHS,107.0,444.0
DCA,CID,148.0,801.0
DCA,CLE,89.5,310.0
DCA,CLT,96.0,331.0
DCA,CMH,90.5,323.0
DCA,CRW,76.0,249.0
DCA,CVG,106.0,411.0
DCA,DAL,205.0,1184.0
DCA,DAY,100.0,391.0
DCA,DEN,248.0,1476.0
DCA,DFW,215.0,1192.0
DCA,DSM,173.0,897.0
DCA,DTW,102.0,405.0
DCA,ECP,150.0,769.0
DCA,EWR,82.0,199.0
DCA,EYW,188.0,1023.0
DCA,FLL,162.0,899.0
DCA,GRR,112.0,524.0
DCA,GSO,81.0,248.0
DCA,GSP,101.0,396.0
DCA,HHH,128.0,501.0
DCA,HOU,205.0,1218.0
DCA,HPN,79.0,234.0
DCA,HSV,128.0,613.0
DCA,HYA,90.0,407.0
DCA,IAH,211.0,1208.0
DCA,ICT,192.5,1110.0
DCA,ILM,86.5,320.0
DCA,IND,117.0,500.0
DCA,JAN,161.0,860.0
DCA,JAX,127.0,634.0
DCA,JFK,83.0,213.0
DCA,LAN,110.0,479.0
DCA,LAS,315.0,2089.0
DCA,LAX,340.0,2311.0
DCA,LEX,96.5,414.0
DCA,LGA,79.0,214.0
DCA,LIT,168.0,888.0
DCA,MCI,170.0,949.0
DCA,MCO,147.0,759.0
DCA,MDW,125.0,601.0
DCA,MEM,154.0,762.0
DCA,MGM,129.5,693.0
DCA,MHT,99.0,406.0
DCA,MIA,168.0,919.0
DCA,MKE,130.0,634.0
DCA,MSN,142.0,707.0
DCA,MSP,170.0,931.0
DCA,MSY,170.0,969.0
DCA,MVY,89.0,383.0
DCA,MYR,94.0,372.0
DCA,OKC,193.0,1158.0
DCA,OMA,175.5,1012.0
DCA,ORD,137.0,612.0
DCA,ORF,64.0,142.0
DCA,PBI,161.0,857.0
DCA,PDX,356.0,2350.0
DCA,PHL,65.0,119.0
DCA,PHX,304.0,1979.0
DCA,PIT,74.0,204.0
DCA,PNS,155.0,816.0
DCA,PVD,88.5,356.0
DCA,PWM,102.0,482.0
DCA,RDU,79.0,227.0
DCA,ROC,87.0,296.0
DCA,RSW,168.0,892.0
DCA,SAN,327.0,2276.0
DCA,SAT,220.0,1380.0
DCA,SAV,123.0,519.0
DCA,SDF,115.0,474.0
DCA,SEA,358.0,2329.0
DCA,SFO,367.0,2442.0
DCA,SJU,230.0,1554.0
DCA,SLC,290.0,1851.0
DCA,SRQ,162.0,851.0
DCA,STL,140.0,719.0
DCA,SYR,82.0,298.0
DCA,TLH,144.0,716.0
DCA,TPA,150.0,814.0
DCA,TUL,179.0,1050.0
DCA,TVC,120.5,599.0
DCA,TYS,108.0,437.0
DCA,VPS,160.0,789.0
DCA,XNA,172.0,963.0
DDC,DEN,87.0,292.0
DEC,ORD,70.0,156.0
DEN,ABE,207.0,1539.0
DEN,ABQ,83.0,349.0
DEN,ACV,184.5,1026.0
DEN,ALB,210.0,1610.0
DEN,AMA,89.0,359.0
DEN,ANC,337.0,2405.0
DEN,ASE,61.0,125.0
DEN,ATL,178.0,1199.0
DEN,ATW,150.0,883.0
DEN,ATY,104.0,519.0
DEN,AUS,134.0,775.0
DEN,AVL,187.0,1248.0
DEN,BDL,226.0,1671.0
DEN,BFF,56.0,150.0
DEN,BFL,164.0,845.0
DEN,BHM,172.0,1083.0
DEN,BIH,153.0,760.0
DEN,BIL,98.0,455.0
DEN,BIS,109.0,516.0
DEN,BNA,155.0,1014.0
DEN,BOI,120.0,649.0
DEN,BOS,239.0,1754.0
DEN,BTM,122.0,578.0
DEN,BTV,221.0,1639.0
DEN,BUF,185.0,1359.0
DEN,BUR,150.0,850.0
DEN,BWI,205.0,1491.0
DEN,BZN,106.0,524.0
DEN,CHS,198.0,1449.0
DEN,CID,116.0,692.0
DEN,CLE,175.0,1201.0
DEN,CLT,197.0,1337.0
DEN,CMH,165.0,1154.0
DEN,COD,101.0,391.0
DEN,COS,54.0,73.0
DEN,COU,124.0,671.0
DEN,CPR,72.0,230.0
DEN,CRP,155.0,930.0
DEN,CVG,162.0,1069.0
DEN,CYS,48.0,90.0
DEN,DAL,115.0,651.0
DEN,DAY,172.0,1085.0
DEN,DCA,203.0,1476.0
DEN,DDC,74.0,292.0
DEN,DFW,124.0,641.0
DEN,DIK,105.0,488.0
DEN,DRO,80.0,251.0
DEN,DSM,106.0,589.0
DEN,DTW,169.0,1123.0
DEN,DVL,125.0,638.0
DEN,EAR,74.0,305.0
DEN,ECP,175.0,1250.0
DEN,EGE,56.0,120.0
DEN,ELP,110.0,563.0
DEN,EUG,169.0,996.0
DEN,EWR,224.0,1605.0
DEN,FAI,332.5,2430.0
DEN,FAR,119.0,627.0
DEN,FAT,159.0,844.0
DEN,FCA,141.0,752.0
DEN,FLL,235.0,1703.0
DEN,FMN,84.0,289.0
DEN,FSD,103.0,483.0
DEN,GCC,80.0,313.0
DEN,GEG,145.0,836.0
DEN,GJT,69.0,212.0
DEN,GRB,143.0,905.0
DEN,GRR,152.0,1015.0
DEN,GSO,200.0,1370.0
DEN,GSP,185.0,1278.0
DEN,GTF,125.5,623.0
DEN,GUC,68.0,152.0
DEN,HDN,60.0,141.0
DEN,HLN,122.0,594.0
DEN,HNL,431.0,3365.0
DEN,HOB,103.5,501.0
DEN,HOU,145.0,883.0
DEN,HSV,169.0,1048.0
DEN,HYS,75.0,298.0
DEN,IAD,201.0,1452.0
DEN,IAH,150.0,862.0
DEN,ICT,92.0,420.0
DEN,IDA,106.0,458.0
DEN,IND,150.0,976.0
DEN,JAC,93.0,406.0
DEN,JAX,200.0,1446.0
DEN,JFK,233.0,1626.0
DEN,JLN,108.0,582.0
DEN,JMS,114.0,573.0
DEN,KOA,442.0,3329.0
DEN,LAR,57.0,113.0
DEN,LAS,124.0,628.0
DEN,LAX,155.0,862.0
DEN,LBB,98.0,456.0
DEN,LBF,65.0,228.0
DEN,LBL,75.0,280.0
DEN,LEX,171.0,1086.0
DEN,LGA,226.0,1620.0
DEN,LGB,150.0,854.0
DEN,LIH,466.0,3414.0
DEN,LIT,133.0,771.0
DEN,LNK,93.0,423.0
DEN,LWS,150.5,768.0
DEN,MAF,113.0,563.0
DEN,MCI,100.0,533.0
DEN,MCO,220.0,1547.0
DEN,MDW,140.0,895.0
DEN,MEM,140.0,872.0
DEN,MFR,170.0,964.0
DEN,MIA,236.0,1709.0
DEN,MKE,140.0,896.0
DEN,MLI,134.0,751.5
DEN,MOT,122.0,604.0
DEN,MRY,174.0,959.0
DEN,MSN,132.0,826.0
DEN,MSO,131.0,679.0
DEN,MSP,120.0,680.0
DEN,MSY,158.0,1062.0
DEN,MTJ,65.0,196.0
DEN,MYR,200.0,1484.5
DEN,OAK,160.0,957.0
DEN,OGG,434.0,3302.0
DEN,OKC,100.0,495.0
DEN,OMA,90.0,472.0
DEN,ONT,140.5,819.0
DEN,ORD,154.0,888.0
DEN,ORF,206.0,1553.0
DEN,OTH,183.0,1040.0
DEN,PAE,180.0,1036.0
DEN,PBI,228.0,1679.0
DEN,PDX,165.0,991.0
DEN,PHL,216.0,1558.0
DEN,PHX,120.0,602.0
DEN,PIA,138.0,793.0
DEN,PIR,95.0,385.0
DEN,PIT,181.0,1290.0
DEN,PNS,172.5,1179.0
DEN,PRC,114.0,558.0
DEN,PSC,160.0,852.0
DEN,PSP,142.0,776.0
DEN,PVD,230.0,1737.0
DEN,PWM,235.0,1782.0
DEN,RAP,80.0,300.0
DEN,RDD,161.0,932.0
DEN,RDM,158.0,898.0
DEN,RDU,200.0,1436.0
DEN,RIC,200.0,1481.0
DEN,RIW,77.0,296.0
DEN,RKS,71.0,260.0
DEN,RNO,145.0,804.0
DEN,RSW,223.0,1607.0
DEN,SAF,81.0,303.0
DEN,SAN,145.0,853.0
DEN,SAT,132.0,794.0
DEN,SAV,199.5,1414.0
DEN,SBA,156.0,916.0
DEN,SBP,170.5,931.0
DEN,SCK,153.0,902.0
DEN,SDF,158.0,1024.0
DEN,SEA,181.0,1024.0
DEN,SFO,169.0,967.0
DEN,SGF,117.0,637.0
DEN,SGU,112.0,517.0
DEN,SHR,87.0,359.0
DEN,SHV,139.0,792.0
DEN,SJC,160.0,948.0
DEN,SJU,340.0,2733.0
DEN,SLC,95.0,391.0
DEN,SLN,84.0,383.0
DEN,SMF,155.0,909.0
DEN,SNA,149.5,846.0
DEN,SRQ,214.0,1531.0
DEN,STL,125.0,770.0
DEN,SUN,125.0,557.0
DEN,SUX,97.0,466.0
DEN,SYR,210.0,1492.0
DEN,TPA,210.0,1506.0
DEN,TUL,104.0,541.0
DEN,TUS,125.0,639.0
DEN,TVC,159.0,1032.0
DEN,TYS,177.0,1162.0
DEN,WYS,115.0,469.0
DEN,XNA,115.0,616.0
DEN,XWA,115.0,582.0
DFW,ABI,57.0,158.0
DFW,ABQ,115.0,569.0
DFW,ACT,52.0,89.0
DFW,AEX,75.0,285.0
DFW,AGS,147.0,874.0
DFW,ALB,199.0,1434.0
DFW,AMA,79.0,312.0
DFW,ANC,413.0,3043.0
DFW,ASE,155.0,701.0
DFW,ATL,131.0,731.0
DFW,ATW,153.0,908.0
DFW,AUS,66.0,190.0
DFW,AVL,137.5,848.0
DFW,BDL,208.0,1471.0
DFW,BFL,203.0,1271.0
DFW,BHM,110.0,597.0
DFW,BIL,174.0,1081.0
DFW,BIS,159.5,977.0
DFW,BMI,121.0,690.0
DFW,BNA,112.0,631.0
DFW,BOI,204.0,1272.0
DFW,BOS,223.5,1562.0
DFW,BPT,84.0,270.0
DFW,BRO,102.0,482.0
DFW,BTR,86.0,383.0
DFW,BUF,178.0,1212.0
DFW,BUR,208.0,1231.0
DFW,BWI,181.5,1217.0
DFW,BZN,192.0,1163.0
DFW,CAE,143.5,922.0
DFW,CHA,125.0,695.0
DFW,CHS,153.0,987.0
DFW,CID,124.0,685.0
DFW,CLE,159.0,1021.0
DFW,CLL,63.0,164.0
DFW,CLT,154.5,935.0
DFW,CMH,147.0,926.0
DFW,CMI,122.0,692.0
DFW,COS,123.0,592.0
DFW,COU,99.0,490.0
DFW,CRP,84.0,354.0
DFW,CVG,135.0,812.0
DFW,DAY,144.0,861.0
DFW,DCA,175.0,1192.0
DFW,DEN,132.0,641.0
DFW,DRO,133.0,674.0
DFW,DSM,115.0,624.0
DFW,DTW,159.0,986.0
DFW,ECP,119.0,685.0
DFW,EGE,141.0,721.0
DFW,ELP,106.0,551.0
DFW,EUG,235.0,1606.0
DFW,EVV,115.0,642.0
DFW,EWR,206.0,1372.0
DFW,EYW,164.0,1089.0
DFW,FAR,160.0,968.0
DFW,FAT,208.0,1313.0
DFW,FCA,213.0,1390.0
DFW,FLG,158.0,853.0
DFW,FLL,169.0,1119.0
DFW,FSD,129.5,737.0
DFW,FSM,68.5,227.0
DFW,FWA,143.0,859.0
DFW,GCK,92.5,404.0
DFW,GEG,223.0,1477.0
DFW,GGG,58.0,140.0
DFW,GJT,144.0,772.0
DFW,GNV,145.0,900.0
DFW,GPT,99.5,500.0
DFW,GRI,117.0,562.0
DFW,GRK,54.0,134.0
DFW,GRR,145.0,931.0
DFW,GSO,152.0,999.0
DFW,GSP,137.0,862.0
DFW,GTR,97.0,491.0
DFW,GUC,141.0,678.0
DFW,HDN,154.5,769.0
DFW,HNL,496.0,3784.0
DFW,HOU,79.0,247.0
DFW,HRL,92.0,461.0
DFW,HSV,111.0,603.0
DFW,IAD,177.0,1172.0
DFW,IAH,76.0,224.0
DFW,ICT,84.0,328.0
DFW,IDA,189.0,1095.0
DFW,ILM,165.0,1106.0
DFW,IND,131.0,761.0
DFW,JAC,176.0,1047.0
DFW,JAN,89.0,408.0
DFW,JAX,142.0,917.0
DFW,JFK,220.0,1391.0
DFW,KOA,489.0,3724.0
DFW,LAS,180.0,1055.0
DFW,LAW,62.0,140.0
DFW,LAX,205.0,1235.0
DFW,LBB,73.0,282.0
DFW,LCH,81.0,295.0
DFW,LEX,133.0,785.0
DFW,LFT,85.0,351.0
DFW,LGA,204.0,1389.0
DFW,LIT,79.0,304.0
DFW,LRD,88.0,396.0
DFW,MAF,79.0,309.0
DFW,MCI,97.0,460.0
DFW,MCO,159.0,985.0
DFW,MDT,181.0,1231.0
DFW,MDW,141.0,797.0
DFW,MEM,93.0,431.0
DFW,MFE,97.0,469.0
DFW,MGM,113.0,622.0
DFW,MHK,91.0,431.0
DFW,MIA,173.0,1121.0
DFW,MKE,140.0,853.0
DFW,MLI,124.0,691.0
DFW,MLU,75.0,293.0
DFW,MOB,105.0,539.0
DFW,MRY,222.0,1430.0
DFW,MSN,134.5,821.0
DFW,MSO,218.0,1320.0
DFW,MSP,148.0,852.0
DFW,MSY,89.0,448.0
DFW,MTJ,138.0,722.0
DFW,MYR,157.5,1048.0
DFW,OGG,483.0,3710.0
DFW,OKC,63.0,175.0
DFW,OMA,112.0,583.0
DFW,ONT,192.0,1188.0
DFW,ORD,148.0,802.0
DFW,ORF,176.0,1212.0
DFW,PBI,168.0,1102.0
DFW,PDX,244.0,1616.0
DFW,PHL,191.0,1303.0
DFW,PHX,159.0,868.0
DFW,PIA,125.0,672.0
DFW,PIT,160.0,1067.0
DFW,PNS,107.0,604.0
DFW,PSP,195.0,1126.0
DFW,PVU,171.0,958.0
DFW,PWM,234.5,1622.0
DFW,RAP,142.0,835.0
DFW,RDM,223.0,1514.0
DFW,RDU,163.0,1061.0
DFW,RIC,172.0,1158.0
DFW,RNO,214.0,1345.0
DFW,ROW,100.0,435.0
DFW,RSW,156.0,1017.0
DFW,SAF,118.0,551.0
DFW,SAN,189.0,1171.0
DFW,SAT,70.0,247.0
DFW,SAV,140.0,925.0
DFW,SBA,212.0,1316.0
DFW,SBN,152.0,846.0
DFW,SBP,215.0,1360.0
DFW,SDF,129.0,733.0
DFW,SEA,264.0,1660.0
DFW,SFO,232.0,1464.0
DFW,SGF,85.0,364.0
DFW,SGU,178.5,976.0
DFW,SHV,66.0,190.0
DFW,SJC,230.5,1438.0
DFW,SJT,74.0,229.0
DFW,SJU,275.0,2165.0
DFW,SLC,168.0,989.0
DFW,SMF,222.0,1431.0
DFW,SNA,203.0,1205.0
DFW,SPS,66.0,113.0
DFW,SRQ,149.0,945.0
DFW,STL,107.0,550.0
DFW,STS,228.0,1495.0
DFW,STT,297.5,2225.0
DFW,SWO,78.0,225.0
DFW,SYR,188.5,1336.0
DFW,TLH,131.5,767.0
DFW,TPA,146.0,929.0
DFW,TRI,139.0,868.0
DFW,TUL,71.0,237.0
DFW,TUS,146.0,813.0
DFW,TVC,167.5,1022.0
DFW,TXK,63.5,181.0
DFW,TYR,52.0,102.0
DFW,TYS,130.0,772.0
DFW,VPS,118.0,641.0
DFW,XNA,76.0,280.0
DFW,YUM,183.0,1022.0
DHN,ATL,74.0,170.0
DIK,DEN,123.0,488.0
DLG,ANC,67.0,329.0
DLH,MSP,69.0,144.0
DLH,ORD,114.5,397.0
DRO,DEN,89.0,251.0
DRO,DFW,128.0,674.0
DRO,PHX,91.0,352.0
DSM,ATL,131.0,743.0
DSM,AUS,135.5,813.0
DSM,AZA,185.5,1137.5
DSM,BNA,97.0,530.0
DSM,BOS,169.0,1165.0
DSM,CLT,143.0,815.0
DSM,DCA,149.5,897.0
DSM,DEN,124.0,589.0
DSM,DFW,127.0,624.0
DSM,EWR,150.0,1017.0
DSM,FLL,186.0,1316.0
DSM,GUF,146.0,844.0
DSM,HOU,144.0,825.0
DSM,IAH,145.0,802.0
DSM,JAX,163.0,1012.0
DSM,LAS,190.5,1216.0
DSM,LAX,241.0,1447.0
DSM,LGA,159.0,1031.0
DSM,MCO,178.5,1141.0
DSM,MIA,202.0,1327.0
DSM,MSP,78.0,232.0
DSM,ORD,92.0,299.0
DSM,PDX,218.0,1471.0
DSM,PGD,181.0,1206.0
DSM,PHL,157.0,973.0
DSM,PHX,193.0,1150.0
DSM,PIE,164.0,1126.0
DSM,SAN,217.0,1428.0
DSM,SFB,168.0,1124.0
DSM,SNA,226.0,1429.0
DSM,SRQ,172.0,1160.0
DSM,STL,70.0,259.0
DSM,VPS,141.5,860.0
DTW,ALB,96.0,489.0
DTW,ANC,407.0,2986.0
DTW,APN,69.0,198.0
DTW,ATL,125.0,594.0
DTW,ATW,85.5,296.0
DTW,AUS,193.0,1149.0
DTW,AZO,56.0,113.0
DTW,BDL,101.0,549.0
DTW,BGM,85.0,378.0
DTW,BHM,121.0,625.0
DTW,BNA,99.5,456.0
DTW,BOS,118.0,632.0
DTW,BTV,106.0,537.0
DTW,BUF,70.0,241.0
DTW,BWI,90.0,409.0
DTW,CHS,125.0,667.0
DTW,CIU,79.0,285.0
DTW,CLE,56.0,95.0
DTW,CLT,115.0,500.0
DTW,CMH,66.0,155.0
DTW,CVG,77.0,229.0
DTW,DCA,94.0,405.0
DTW,DEN,193.0,1123.0
DTW,DFW,180.0,986.0
DTW,ELM,78.0,331.0
DTW,ESC,84.0,306.0
DTW,EWR,105.0,488.0
DTW,FLL,185.0,1127.0
DTW,FWA,58.0,128.0
DTW,GRB,81.0,287.0
DTW,GRR,57.0,120.0
DTW,GSO,102.0,460.0
DTW,GSP,100.5,508.0
DTW,HNL,598.5,4475.0
DTW,HPN,102.0,505.0
DTW,HSV,115.0,554.0
DTW,IAD,91.0,383.0
DTW,IAH,189.0,1075.0
DTW,IMT,97.0,344.0
DTW,IND,73.5,231.0
DTW,JAX,137.0,813.0
DTW,JFK,113.0,509.0
DTW,LAN,49.0,74.0
DTW,LAS,265.0,1749.0
DTW,LAX,299.0,1979.0
DTW,LEX,79.0,296.0
DTW,LGA,108.0,502.0
DTW,MBS,54.0,98.0
DTW,MCI,122.5,629.0
DTW,MCO,166.0,957.0
DTW,MDT,86.0,371.0
DTW,MDW,71.0,228.0
DTW,MEM,119.0,610.0
DTW,MIA,185.0,1145.0
DTW,MKE,74.0,237.0
DTW,MQT,92.0,349.0
DTW,MSN,79.0,311.0
DTW,MSP,114.5,528.0
DTW,MSY,152.0,926.0
DTW,MYR,114.0,636.0
DTW,OMA,127.5,650.0
DTW,ORD,90.0,235.0
DTW,ORF,109.0,529.0
DTW,PBI,177.0,1086.0
DTW,PDX,283.0,1953.0
DTW,PHL,99.0,453.0
DTW,PHX,258.0,1671.0
DTW,PIT,69.0,201.0
DTW,PLN,75.0,243.0
DTW,PNS,137.0,837.0
DTW,PVD,113.0,615.0
DTW,PWM,113.0,668.0
DTW,RDU,105.0,501.0
DTW,RIC,101.0,456.0
DTW,ROC,80.0,296.0
DTW,RSW,170.0,1084.0
DTW,SAN,291.0,1956.0
DTW,SAT,191.5,1214.0
DTW,SAV,128.5,705.0
DTW,SBN,63.0,157.0
DTW,SDF,84.0,306.0
DTW,SEA,300.0,1927.0
DTW,SFO,308.0,2079.0
DTW,SJC,292.0,2062.0
DTW,SJU,266.0,1930.0
DTW,SLC,239.0,1481.0
DTW,SMF,298.0,2013.0
DTW,SNA,293.0,1960.0
DTW,SRQ,167.5,1022.0
DTW,STL,100.0,440.0
DTW,SYR,82.0,374.0
DTW,TPA,157.0,983.0
DTW,TVC,70.0,207.0
DTW,VPS,142.0,828.0
DVL,DEN,135.0,638.0
DVL,JMS,52.0,83.0
EAR,DEN,87.0,305.0
EAU,ORD,87.0,269.0
ECP,ATL,72.0,240.0
ECP,AUS,130.0,710.0
ECP,BNA,85.0,401.0
ECP,BWI,130.0,798.0
ECP,CLT,103.0,437.0
ECP,DAL,130.0,674.0
ECP,DCA,133.0,769.0
ECP,DEN,205.0,1250.0
ECP,DFW,144.0,685.0
ECP,HOU,112.5,570.0
ECP,IAH,131.0,572.0
ECP,IND,115.0,646.0
ECP,MCI,135.0,797.0
ECP,MDW,137.5,795.0
ECP,ORD,160.0,810.0
ECP,PHL,154.0,886.0
ECP,STL,110.0,634.0
EGE,ATL,191.0,1312.0
EGE,DEN,77.0,120.0
EGE,DFW,130.0,721.0
EGE,EWR,242.0,1725.0
EGE,IAH,160.0,934.0
EGE,JFK,250.0,1746.0
EGE,LAX,148.0,748.0
EGE,MIA,255.5,1810.0
EGE,MSP,144.0,788.0
EGE,ORD,173.5,1007.0
EGE,PHX,117.5,513.0
EGE,SAN,155.0,745.0
EGE,SEA,192.0,940.0
EGE,SFO,175.0,847.0
EKO,SLC,68.0,200.0
ELM,DTW,86.0,331.0
ELM,PGD,182.0,1090.0
ELM,PIE,167.0,1035.0
ELM,SFB,152.0,954.0
ELP,ATL,180.0,1282.0
ELP,AUS,90.0,528.0
ELP,DAL,105.0,562.0
ELP,DEN,114.0,563.0
ELP,DFW,109.0,551.0
ELP,HOU,110.0,677.0
ELP,IAH,121.0,667.0
ELP,LAS,115.0,583.0
ELP,LAX,135.0,715.0
ELP,LGB,120.0,699.0
ELP,MCO,205.0,1516.0
ELP,MDW,180.0,1237.0
ELP,ORD,193.0,1236.0
ELP,PHX,87.0,347.0
ELP,SAN,115.0,636.0
ELP,SAT,85.0,496.0
ERI,CLT,120.0,475.0
ESC,DTW,79.0,306.0
ESC,MSP,87.0,304.0
EUG,AZA,150.5,971.0
EUG,BUR,144.0,732.0
EUG,DEN,157.0,996.0
EUG,DFW,223.0,1606.0
EUG,LAS,120.0,700.0
EUG,LAX,142.0,748.0
EUG,OAK,90.0,445.0
EUG,PDX,53.0,105.0
EUG,PHX,152.0,952.0
EUG,SAN,149.0,850.0
EUG,SEA,81.0,234.0
EUG,SFO,98.0,451.0
EUG,SJC,95.0,471.0
EUG,SLC,117.0,618.0
EUG,SMF,80.0,384.0
EUG,SNA,129.0,776.0
EVV,ATL,92.0,350.0
EVV,DFW,135.0,642.0
EVV,ORD,107.0,272.0
EVV,PIE,128.0,752.0
EVV,SFB,116.0,734.0
EVV,VPS,95.0,524.0
EWN,CLT,81.0,221.0
EWR,ALB,73.0,143.0
EWR,ANC,469.0,3370.0
EWR,ATL,150.0,746.0
EWR,ATW,140.0,772.0
EWR,AUS,256.0,1504.0
EWR,AVL,120.0,583.0
EWR,BGR,97.0,393.0
EWR,BHM,153.0,850.0
EWR,BNA,153.0,748.0
EWR,BOS,79.0,200.0
EWR,BQN,240.0,1585.0
EWR,BTV,83.0,266.0
EWR,BUF,91.0,282.0
EWR,BZN,288.0,1882.0
EWR,CAE,118.0,603.0
EWR,CHA,140.0,718.0
EWR,CHS,131.0,628.0
EWR,CLE,104.0,404.0
EWR,CLT,126.0,529.0
EWR,CMH,119.0,463.0
EWR,CVG,140.0,569.0
EWR,DCA,92.0,199.0
EWR,DEN,265.0,1605.0
EWR,DFW,245.0,1372.0
EWR,DSM,172.5,1017.0
EWR,DTW,119.0,488.0
EWR,EGE,291.0,1725.0
EWR,EYW,202.0,1196.0
EWR,FLL,189.0,1065.0
EWR,FNT,99.0,518.0
EWR,GRR,139.0,605.0
EWR,GSP,130.0,594.0
EWR,HDN,285.0,1728.0
EWR,HHH,138.0,687.0
EWR,HNL,687.0,4962.0
EWR,IAD,82.5,212.0
EWR,IAH,241.5,1400.0
EWR,ILM,111.0,488.0
EWR,IND,140.0,645.0
EWR,JAC,299.0,1874.0
EWR,JAX,157.0,820.0
EWR,LAS,340.0,2227.0
EWR,LAX,365.0,2454.0
EWR,MCI,195.0,1092.0
EWR,MCO,176.0,937.0
EWR,MDW,148.0,711.0
EWR,MEM,184.0,946.0
EWR,MIA,195.0,1085.0
EWR,MKE,158.0,725.0
EWR,MSN,165.0,799.0
EWR,MSP,184.0,1008.0
EWR,MSY,207.0,1167.0
EWR,MTJ,305.0,1795.0
EWR,MYR,121.5,550.0
EWR,ORD,161.0,719.0
EWR,ORF,90.5,284.0
EWR,PBI,182.0,1023.0
EWR,PDX,366.0,2434.0
EWR,PHX,330.0,2133.0
EWR,PIT,97.0,319.0
EWR,PSP,375.0,2358.0
EWR,PVD,73.0,160.0
EWR,PWM,84.0,284.0
EWR,RDU,104.0,416.0
EWR,RIC,92.0,277.0
EWR,ROC,84.0,246.0
EWR,RSW,192.0,1068.0
EWR,SAN,368.0,2425.0
EWR,SAT,256.0,1569.0
EWR,SAV,146.5,708.0
EWR,SDF,149.5,642.0
EWR,SEA,373.0,2402.0
EWR,SFO,382.0,2565.0
EWR,SJU,239.0,1608.0
EWR,SLC,312.0,1969.0
EWR,SMF,381.5,2500.0
EWR,SNA,374.0,2434.0
EWR,SRQ,186.0,1034.0
EWR,STL,177.0,872.0
EWR,STT,240.0,1634.0
EWR,SYR,80.0,194.0
EWR,TPA,182.0,997.0
EWR,TYS,117.5,631.0
EWR,VPS,170.0,988.0
EYW,ATL,123.0,646.0
EYW,AVL,125.0,751.0
EYW,BOS,214.0,1373.0
EYW,CLT,142.0,736.0
EYW,CVG,157.0,1013.0
EYW,DCA,170.0,1023.0
EYW,DFW,200.0,1089.0
EYW,EWR,192.0,1196.0
EYW,FLL,60.0,145.0
EYW,IAD,160.0,1023.0
EYW,IND,173.0,1078.0
EYW,LGA,191.0,1207.0
EYW,MIA,50.0,126.0
EYW,ORD,215.0,1251.0
EYW,PHL,184.0,1121.0
EYW,PIE,61.0,238.0
EYW,PIT,164.0,1102.0
EYW,SFB,70.5,292.0
EYW,TYS,135.0,787.0
FAI,ANC,67.0,261.0
FAI,DEN,315.0,2430.0
FAI,MSP,312.0,2466.0
FAI,ORD,359.0,2785.0
FAI,SEA,224.0,1533.0
FAI,SLC,285.0,2183.0
FAR,AZA,187.0,1220.0
FAR,BNA,143.0,910.0
FAR,DEN,132.0,627.0
FAR,DFW,170.0,967.0
FAR,LAS,191.0,1205.0
FAR,MSP,73.0,223.0
FAR,ORD,125.0,557.0
FAR,PHX,216.0,1225.0
FAR,PIE,209.0,1519.0
FAR,SFB,217.0,1508.0
FAT,ATL,260.0,1997.0
FAT,DAL,190.0,1325.0
FAT,DEN,145.5,844.0
FAT,DFW,194.0,1313.0
FAT,LAS,75.0,259.0
FAT,LAX,80.0,209.0
FAT,ORD,236.5,1730.0
FAT,PDX,117.0,626.0
FAT,PHX,102.0,493.0
FAT,SAN,81.0,314.0
FAT,SEA,143.0,748.0
FAT,SFO,63.0,158.0
FAT,SLC,103.0,501.0
FAY,ATL,95.0,331.0
FAY,CLT,81.0,118.0
FCA,AZA,168.0,1044.0
FCA,DEN,139.0,752.0
FCA,DFW,211.0,1390.0
FCA,LAS,148.0,845.5
FCA,LAX,185.0,1015.0
FCA,MSP,160.0,1025.0
FCA,ORD,209.0,1352.0
FCA,PDX,122.0,437.0
FCA,SAN,197.0,1086.0
FCA,SEA,105.0,379.0
FCA,SFO,158.0,844.0
FCA,SLC,109.0,531.0
FLG,DFW,146.0,853.0
FLG,LAX,94.0,393.0
FLG,PHX,59.0,119.0
FLL,ABE,174.0,1041.0
FLL,ACY,154.0,977.0
FLL,ALB,185.0,1204.0
FLL,ATL,119.0,581.0
FLL,AUS,193.0,1105.0
FLL,AVL,121.0,661.0
FLL,BDL,180.0,1173.0
FLL,BGR,212.0,1438.0
FLL,BHM,118.0,650.0
FLL,BLV,171.0,1028.0
FLL,BNA,145.0,793.0
FLL,BOS,196.0,1237.0
FLL,BQN,148.0,982.0
FLL,BUF,182.0,1166.0
FLL,BWI,150.0,925.0
FLL,CAE,109.5,545.0
FLL,CAK,167.0,1026.0
FLL,CHA,130.0,687.0
FLL,CHS,100.5,470.0
FLL,CID,196.0,1273.0
FLL,CLE,174.0,1062.0
FLL,CLT,129.0,632.0
FLL,CMH,160.0,973.0
FLL,CVG,155.0,932.0
FLL,DAL,190.0,1108.0
FLL,DCA,152.0,899.0
FLL,DEN,274.0,1703.0
FLL,DFW,202.0,1119.0
FLL,DSM,201.0,1316.0
FLL,DTW,183.0,1127.0
FLL,EWR,181.0,1065.0
FLL,FNT,195.5,1182.0
FLL,FSD,254.0,1526.0
FLL,FWA,175.0,1067.0
FLL,GRR,189.0,1198.0
FLL,GSP,112.0,620.0
FLL,HDN,297.0,1843.0
FLL,HOU,170.0,957.0
FLL,HPN,181.0,1097.0
FLL,HSV,134.0,710.0
FLL,HTS,147.5,859.0
FLL,IAD,154.0,901.0
FLL,IAH,178.0,966.0
FLL,IND,170.0,1005.0
FLL,ISP,171.0,1092.0
FLL,JAX,79.0,319.0
FLL,JFK,176.0,1069.0
FLL,LAS,327.0,2173.0
FLL,LAX,348.0,2343.0
FLL,LBE,161.0,980.0
FLL,LCK,157.0,961.0
FLL,LEX,147.5,865.0
FLL,LGA,175.0,1076.0
FLL,MCI,203.0,1242.0
FLL,MCO,67.5,177.0
FLL,MDT,168.0,993.0
FLL,MDW,190.0,1167.0
FLL,MEM,150.5,851.0
FLL,MHT,187.0,1262.0
FLL,MKE,195.0,1243.0
FLL,MSP,237.0,1487.0
FLL,MSY,125.0,673.0
FLL,MYR,106.0,529.0
FLL,OMA,225.0,1383.0
FLL,ORD,207.0,1182.0
FLL,ORF,132.5,781.0
FLL,ORH,183.0,1211.0
FLL,PBG,199.5,1334.0
FLL,PDX,397.0,2694.0
FLL,PHL,170.0,993.0
FLL,PHX,307.0,1972.0
FLL,PIT,161.0,994.0
FLL,PNS,109.0,525.0
FLL,PVD,180.0,1188.0
FLL,RDU,127.5,680.0
FLL,RIC,138.5,805.0
FLL,ROC,183.0,1183.0
FLL,SAN,355.5,2269.0
FLL,SAT,201.0,1145.0
FLL,SAV,91.0,422.0
FLL,SBN,179.0,1134.0
FLL,SDF,153.0,895.0
FLL,SEA,400.0,2717.0
FLL,SFO,385.0,2584.0
FLL,SJU,154.0,1046.0
FLL,SLC,312.0,2084.0
FLL,STL,177.0,1057.0
FLL,STT,156.0,1107.0
FLL,STX,159.0,1140.0
FLL,SWF,185.0,1118.0
FLL,SYR,186.5,1197.0
FLL,TPA,65.0,197.0
FLL,TVC,197.0,1322.0
FLL,TYS,124.0,709.0
FLL,USA,121.0,643.0
FLL,XNA,188.0,1092.0
FMN,DEN,69.0,289.0
FNT,AZA,259.0,1650.0
FNT,BNA,99.5,497.0
FNT,JAX,147.0,867.0
FNT,LAS,267.0,1733.0
FNT,ORD,87.0,223.0
FNT,PDX,272.0,1917.0
FNT,PGD,183.5,1111.0
FNT,PIE,172.0,1040.0
FNT,SFB,157.0,988.0
FNT,SRQ,175.0,1075.0
FNT,VPS,185.0,874.0
FOD,ORD,90.5,324.5
FSD,ATL,154.0,954.0
FSD,AZA,174.0,1072.0
FSD,BNA,120.5,741.0
FSD,DEN,113.0,483.0
FSD,DFW,143.0,737.0
FSD,FLL,220.5,1526.0
FSD,LAS,185.0,1104.0
FSD,LAX,200.0,1340.0
FSD,MSP,68.0,196.0
FSD,ORD,110.0,462.0
FSD,PGD,198.0,1415.0
FSD,PHX,187.0,1081.0
FSD,PIE,189.0,1334.0
FSD,SFB,189.0,1334.0
FSM,DFW,79.0,227.0
FWA,ATL,116.0,508.0
FWA,AZA,225.0,1546.0
FWA,CLT,106.0,460.0
FWA,DFW,161.0,859.0
FWA,DTW,59.0,128.0
FWA,MSP,117.0,488.0
FWA,MYR,103.0,610.0
FWA,ORD,75.0,157.0
FWA,PGD,154.5,986.0
FWA,PIE,139.0,912.0
FWA,SFB,136.0,870.0
FWA,SRQ,150.0,948.0
GCC,DEN,90.0,313.0
GCK,DFW,86.0,404.0
GEG,ATL,262.0,1969.0
GEG,AZA,159.5,1034.0
GEG,BOI,70.0,287.0
GEG,DAL,200.0,1486.0
GEG,DEN,138.0,836.0
GEG,DFW,217.0,1477.0
GEG,LAS,140.0,806.0
GEG,LAX,172.0,945.0
GEG,MSP,173.0,1175.0
GEG,OAK,130.0,723.0
GEG,ORD,223.0,1498.0
GEG,PDX,74.0,279.0
GEG,PHX,157.0,1020.0
GEG,SAN,172.0,1027.0
GEG,SEA,80.0,224.0
GEG,SFO,145.0,733.0
GEG,SJC,130.0,742.0
GEG,SLC,107.0,546.0
GEG,SMF,110.0,649.0
GEG,SNA,159.0,962.0
GFK,AZA,205.0,1260.0
GFK,LAS,189.0,1230.0
GFK,MSP,83.0,284.0
GGG,DFW,70.0,140.0
GJT,DEN,81.0,212.0
GJT,DFW,134.0,772.0
GJT,PHX,108.0,438.0
GJT,SLC,69.0,216.5
GNV,ATL,84.0,300.0
GNV,CLL,151.0,845.0
GNV,CLT,97.0,388.0
GNV,DFW,176.0,900.0
GNV,MIA,71.0,294.0
GPT,ATL,86.0,352.0
GPT,CLT,118.5,577.0
GPT,DFW,114.0,500.0
GRB,ATL,144.0,774.0
GRB,DEN,167.0,905.0
GRB,DTW,78.0,287.0
GRB,MSP,79.0,252.0
GRB,ORD,79.0,173.0
GRI,AZA,149.5,905.0
GRI,DFW,113.0,561.0
GRI,LAS,164.0,971.0
GRK,DFW,61.0,134.0
GRR,ATL,125.0,640.0
GRR,AUS,185.0,1103.0
GRR,AZA,257.0,1561.0
GRR,BNA,96.0,470.0
GRR,BOS,121.0,740.0
GRR,BWI,100.0,528.0
GRR,CLT,120.5,583.0
GRR,DCA,108.0,524.0
GRR,DEN,175.0,1015.0
GRR,DFW,163.0,931.0
GRR,DTW,60.0,120.0
GRR,EWR,121.5,605.0
GRR,FLL,194.5,1198.0
GRR,JAX,137.0,880.0
GRR,LAS,247.5,1642.0
GRR,LAX,266.0,1874.0
GRR,LGA,117.0,618.0
GRR,MCO,174.0,1024.0
GRR,MDW,60.0,137.0
GRR,MIA,198.0,1214.0
GRR,MSP,99.0,408.0
GRR,MYR,122.0,728.0
GRR,ORD,72.0,137.0
GRR,PBI,200.0,1158.0
GRR,PDX,269.0,1833.0
GRR,PGD,177.0,1118.0
GRR,PHL,112.0,573.0
GRR,PHX,264.0,1574.0
GRR,PIE,163.0,1044.0
GRR,RSW,181.0,1147.0
GRR,SAV,128.0,778.0
GRR,SFB,158.0,1001.0
GRR,SRQ,182.0,1080.0
GRR,TPA,169.0,1041.0
GRR,VPS,148.0,857.0
GSO,ATL,85.0,306.0
GSO,CLT,58.5,83.0
GSO,DCA,76.0,248.0
GSO,DEN,244.0,1370.0
GSO,DFW,188.0,999.0
GSO,DTW,110.0,460.0
GSO,EWR,110.0,445.0
GSO,IAD,74.0,239.0
GSO,LGA,99.0,461.0
GSO,MIA,130.0,710.0
GSO,ORD,134.0,589.0
GSO,PHL,93.0,365.0
GSO,PIE,107.0,587.0
GSO,SFB,95.0,510.0
GSP,ATL,65.0,153.0
GSP,BNA,75.0,265.0
GSP,BWI,90.0,426.0
GSP,CLT,67.0,75.0
GSP,DCA,96.0,396.0
GSP,DEN,224.0,1278.0
GSP,DFW,168.5,862.0
GSP,DTW,108.0,508.0
GSP,EWR,119.5,594.0
GSP,FLL,113.0,620.0
GSP,HOU,150.0,845.0
GSP,IAH,168.0,837.0
GSP,LGA,115.0,610.0
GSP,MIA,117.0,637.0
GSP,ORD,135.0,577.0
GSP,PHL,110.0,515.0
GSP,PIE,91.0,482.0
GSP,SFB,82.0,425.5
GSP,SRQ,104.0,517.0
GST,JNU,39.0,41.0
GTF,AZA,154.0,978.0
GTF,DEN,120.0,623.0
GTF,LAS,135.0,810.0
GTF,MSP,147.0,887.0
GTF,ORD,191.0,1210.0
GTF,SEA,116.0,512.0
GTF,SLC,98.0,463.0
GTR,DFW,111.0,491.0
GUC,DEN,75.0,152.0
GUC,DFW,124.0,678.0
GUF,BLV,115.0,582.0
GUF,BNA,100.0,406.0
GUF,CVG,123.0,627.0
GUF,HOU,95.0,458.0
GUF,XNA,112.5,563.0
GUM,HNL,435.0,3801.0
GUM,SPN,45.0,129.0
HDN,ATL,189.0,1340.0
HDN,BNA,160.0,1153.0
HDN,BOS,245.0,1871.0
HDN,DAL,130.0,779.0
HDN,DEN,72.0,141.0
HDN,DFW,140.0,769.0
HDN,EWR,241.0,1728.0
HDN,FLL,248.0,1843.0
HDN,IAD,222.0,1582.0
HDN,IAH,183.0,985.0
HDN,LAX,159.0,763.0
HDN,MSP,136.5,774.0
HDN,ORD,167.0,1009.0
HDN,SAN,147.0,769.0
HGR,MYR,81.0,421.0
HGR,PIE,139.0,861.0
HGR,SFB,127.0,780.0
HHH,ATL,77.0,238.0
HHH,BOS,150.0,878.0
HHH,CLT,79.0,206.5
HHH,DCA,104.0,501.0
HHH,EWR,134.0,687.0
HHH,LGA,131.0,701.0
HHH,ORD,156.5,781.0
HHH,PHL,126.0,609.0
HIB,MSP,68.0,174.0
HLN,DEN,126.0,594.0
HLN,SEA,111.0,491.0
HLN,SLC,91.0,402.0
HNL,ANC,367.0,2777.0
HNL,ATL,518.0,4502.0
HNL,AUS,435.0,3764.0
HNL,BOS,585.0,5095.0
HNL,DEN,401.0,3365.0
HNL,DFW,434.5,3784.0
HNL,DTW,518.5,4475.0
HNL,EWR,569.0,4962.0
HNL,GUM,465.0,3801.0
HNL,IAD,560.0,4817.0
HNL,IAH,455.5,3904.0
HNL,ITO,56.0,216.0
HNL,JFK,585.0,4983.0
HNL,KOA,48.0,163.0
HNL,LAS,345.0,2762.0
HNL,LAX,329.0,2556.0
HNL,LGB,325.0,2569.0
HNL,LIH,42.0,102.0
HNL,MSP,470.0,3972.0
HNL,OAK,311.0,2409.0
HNL,OGG,43.0,101.0
HNL,ONT,332.0,2603.0
HNL,ORD,489.0,4243.0
HNL,PAE,355.0,2694.0
HNL,PDX,330.0,2603.0
HNL,PHX,360.0,2917.0
HNL,PPG,340.0,2599.0
HNL,SAN,330.0,2614.0
HNL,SEA,354.5,2677.0
HNL,SFO,308.0,2398.0
HNL,SJC,315.0,2417.0
HNL,SLC,370.0,2994.0
HNL,SMF,315.0,2462.0
HOB,DEN,113.0,501.0
HOB,IAH,107.0,501.0
HOU,ABQ,135.0,759.0
HOU,AMA,105.0,537.0
HOU,ATL,120.0,696.0
HOU,AUS,55.0,148.0
HOU,AVL,133.0,843.0
HOU,BHM,100.0,570.0
HOU,BNA,115.0,670.0
HOU,BUF,175.0,1297.0
HOU,BUR,222.5,1389.0
HOU,BWI,175.0,1246.0
HOU,CHS,140.0,928.0
HOU,CLT,150.0,920.0
HOU,CMH,145.0,1000.0
HOU,COS,145.0,829.0
HOU,CRP,60.0,187.0
HOU,DAL,70.0,239.0
HOU,DCA,175.0,1218.0
HOU,DEN,155.0,883.0
HOU,DFW,83.0,247.0
HOU,DSM,131.0,825.0
HOU,ECP,100.0,570.0
HOU,ELP,120.0,677.0
HOU,FLL,140.0,957.0
HOU,GSP,130.0,845.0
HOU,GUF,90.0,458.0
HOU,HRL,70.0,277.0
HOU,IND,135.0,861.0
HOU,JAN,80.0,359.0
HOU,JAX,122.5,815.0
HOU,LAS,195.0,1235.0
HOU,LAX,220.0,1390.0
HOU,LBB,95.0,475.0
HOU,LGA,205.0,1428.0
HOU,LGB,210.0,1374.0
HOU,LIT,90.0,393.0
HOU,MAF,90.0,441.0
HOU,MCI,115.0,666.0
HOU,MCO,135.0,849.0
HOU,MDW,145.0,937.0
HOU,MEM,90.0,484.0
HOU,MIA,145.0,955.0
HOU,MSY,70.0,303.0
HOU,OAK,250.0,1642.0
HOU,OKC,85.0,419.0
HOU,OMA,130.0,804.0
HOU,ONT,210.0,1345.0
HOU,PHX,170.0,1020.0
HOU,PIT,160.0,1131.0
HOU,PNS,90.0,488.0
HOU,PVU,194.0,1181.0
HOU,RDU,150.0,1050.0
HOU,RSW,145.0,852.0
HOU,SAN,205.0,1313.0
HOU,SAT,60.0,192.0
HOU,SAV,132.5,853.0
HOU,SDF,130.0,803.0
HOU,SEA,280.0,1894.0
HOU,SJC,250.0,1621.0
HOU,SJU,265.0,1997.0
HOU,SLC,190.0,1214.0
HOU,SMF,250.0,1624.0
HOU,SRQ,127.5,789.0
HOU,STL,120.0,687.0
HOU,TPA,125.0,781.0
HOU,TUL,90.0,453.0
HOU,TUS,160.0,945.0
HOU,TYS,121.0,782.0
HOU,VPS,100.0,527.0
HPN,ACK,64.0,191.0
HPN,ATL,146.5,780.0
HPN,CLT,120.0,564.0
HPN,DCA,79.0,234.0
HPN,DTW,117.0,505.0
HPN,FLL,179.0,1097.0
HPN,MCO,169.0,972.0
HPN,MIA,194.0,1118.0
HPN,ORD,156.0,738.0
HPN,PBI,174.0,1056.0
HPN,RSW,180.0,1102.0
HPN,SJU,229.0,1624.0
HPN,TPA,176.0,1032.0
HRL,AUS,75.0,273.0
HRL,DAL,95.0,458.0
HRL,DEN,188.0,1023.0
HRL,DFW,98.5,461.0
HRL,HOU,70.0,277.0
HRL,IAH,81.0,295.0
HRL,MSP,190.0,1310.0
HSV,ATL,64.0,151.0
HSV,CLT,99.5,333.0
HSV,DCA,117.0,613.0
HSV,DEN,198.5,1048.0
HSV,DFW,134.0,603.0
HSV,DTW,116.0,554.0
HSV,FLL,124.0,710.0
HSV,ORD,130.0,510.0
HTS,FLL,148.0,859.0
HTS,MYR,72.0,382.0
HTS,PGD,120.0,790.0
HTS,PIE,117.0,721.0
HTS,SFB,110.5,665.0
HTS,VPS,103.0,589.0
HYA,DCA,104.5,407.0
HYA,JFK,74.0,196.0
HYA,LGA,81.5,197.0
HYA,ORD,186.0,909.0
HYA,PHL,92.5,288.0
HYS,DEN,86.0,298.0
IAD,ABQ,256.0,1628.0
IAD,ANC,462.0,3356.0
IAD,ATL,117.0,534.0
IAD,AUS,218.0,1297.0
IAD,AVL,91.0,371.0
IAD,BDL,86.0,325.0
IAD,BNA,119.0,542.0
IAD,BOS,99.0,412.0
IAD,BTV,99.0,441.0
IAD,BUF,83.5,283.0
IAD,BZN,279.5,1773.0
IAD,CHS,110.0,442.0
IAD,CLE,83.0,288.0
IAD,CLT,95.0,322.0
IAD,CMH,86.0,299.0
IAD,CVG,100.0,388.0
IAD,DEN,238.0,1452.0
IAD,DFW,214.0,1172.0
IAD,DTW,95.5,383.0
IAD,EWR,81.0,212.0
IAD,EYW,203.0,1024.0
IAD,FLL,166.0,901.0
IAD,HNL,661.0,4817.0
IAD,IAH,205.0,1190.0
IAD,IND,110.0,476.0
IAD,JAX,131.0,631.0
IAD,JFK,91.0,228.0
IAD,JST,61.0,119.0
IAD,LAS,317.0,2065.0
IAD,LAX,348.0,2288.0
IAD,LGA,93.0,228.0
IAD,MCO,145.0,758.0
IAD,MGW,67.0,140.0
IAD,MIA,169.0,922.0
IAD,MSP,171.0,908.0
IAD,MSY,169.0,955.0
IAD,MYR,91.0,373.0
IAD,ORD,133.0,588.0
IAD,ORF,65.0,157.0
IAD,PBI,162.0,859.0
IAD,PDX,342.0,2327.0
IAD,PGD,145.0,870.0
IAD,PHL,75.0,135.0
IAD,PHX,307.0,1956.0
IAD,PIT,66.0,182.0
IAD,PSP,342.0,2188.0
IAD,PVD,94.0,371.0
IAD,PWM,107.5,493.0
IAD,RDU,72.0,224.0
IAD,RIC,57.0,100.0
IAD,ROC,79.0,287.0
IAD,RSW,160.0,891.0
IAD,SAN,338.0,2253.0
IAD,SAT,223.0,1362.0
IAD,SAV,122.0,516.0
IAD,SBN,112.5,505.0
IAD,SDF,113.0,451.0
IAD,SEA,350.0,2305.0
IAD,SFO,360.0,2418.0
IAD,SJU,230.0,1571.0
IAD,SLC,297.0,1828.0
IAD,SMF,356.0,2358.0
IAD,SRQ,143.0,849.0
IAD,STL,143.0,696.0
IAD,STT,242.0,1606.0
IAD,SYR,83.0,295.5
IAD,TPA,153.0,811.0
IAD,TVC,114.0,578.0
IAD,TYS,100.0,420.0
IAD,VPS,149.0,778.0
IAG,MYR,115.0,650.0
IAG,PGD,183.0,1129.0
IAG,PIE,167.5,1069.0
IAG,SFB,152.0,996.0
IAH,ABQ,148.5,744.0
IAH,AMA,120.0,517.0
IAH,ANC,446.0,3266.0
IAH,ASE,191.5,913.0
IAH,ATL,126.0,689.0
IAH,ATW,160.0,1053.0
IAH,AUS,62.0,140.0
IAH,BHM,113.0,562.0
IAH,BNA,125.0,657.0
IAH,BOS,235.0,1597.0
IAH,BTR,74.0,253.0
IAH,BWI,185.0,1235.0
IAH,BZN,227.0,1385.0
IAH,CHS,153.0,925.0
IAH,CLE,169.0,1091.0
IAH,CLT,157.0,912.0
IAH,CMH,160.0,986.0
IAH,COS,156.0,809.0
IAH,CRP,72.0,201.0
IAH,CVG,147.0,871.0
IAH,DCA,186.0,1208.0
IAH,DEN,161.0,861.0
IAH,DFW,85.0,224.0
IAH,DSM,144.0,802.0
IAH,DTW,166.0,1075.0
IAH,ECP,115.0,572.0
IAH,EGE,189.0,934.0
IAH,ELP,130.0,667.0
IAH,EWR,214.0,1400.0
IAH,FCA,249.0,1613.0
IAH,FLL,153.0,966.0
IAH,GSP,136.0,837.0
IAH,HDN,192.0,985.0
IAH,HNL,524.0,3904.0
IAH,HOB,112.0,501.0
IAH,HRL,84.0,295.0
IAH,HSV,121.0,595.0
IAH,IAD,188.0,1190.0
IAH,ICT,118.0,542.0
IAH,IND,143.5,844.0
IAH,JAC,216.0,1265.0
IAH,JAN,94.0,351.0
IAH,JAX,133.0,816.0
IAH,JFK,219.0,1417.0
IAH,LAS,202.0,1222.0
IAH,LAX,224.0,1379.0
IAH,LBB,107.0,458.0
IAH,LCH,60.0,127.0
IAH,LFT,68.0,201.0
IAH,LGA,211.0,1416.0
IAH,LIT,97.5,374.0
IAH,MAF,98.0,429.0
IAH,MCI,126.0,643.0
IAH,MCO,148.0,854.0
IAH,MDW,152.5,917.0
IAH,MEI,97.0,422.0
IAH,MEM,103.0,468.0
IAH,MFE,86.5,316.0
IAH,MIA,156.0,964.0
IAH,MKE,167.0,984.0
IAH,MOB,93.0,427.0
IAH,MSP,172.0,1034.0
IAH,MSY,77.0,305.0
IAH,OKC,97.0,395.0
IAH,OMA,139.0,781.0
IAH,ONT,211.0,1334.0
IAH,ORD,167.0,925.0
IAH,ORF,177.0,1201.0
IAH,PBI,152.0,956.0
IAH,PDX,285.0,1825.0
IAH,PHL,199.0,1325.0
IAH,PHX,183.0,1009.0
IAH,PIB,88.0,372.0
IAH,PIT,169.0,1117.0
IAH,PNS,102.0,489.0
IAH,PSP,227.0,1269.0
IAH,PWM,247.0,1667.0
IAH,RDU,167.0,1042.0
IAH,RIC,169.0,1157.0
IAH,RNO,237.0,1530.0
IAH,RSW,147.0,861.0
IAH,SAN,210.0,1303.0
IAH,SAT,70.0,191.0
IAH,SEA,289.0,1874.0
IAH,SFO,260.0,1635.0
IAH,SGF,116.0,513.0
IAH,SHV,70.0,192.0
IAH,SJC,243.0,1608.0
IAH,SJU,273.0,2007.0
IAH,SLC,199.0,1195.0
IAH,SLN,128.0,621.0
IAH,SMF,258.0,1609.0
IAH,SNA,224.0,1346.0
IAH,STL,128.0,667.0
IAH,STT,295.0,2070.0
IAH,TPA,135.0,787.0
IAH,TUL,97.0,429.0
IAH,TUS,177.0,936.0
IAH,TVC,176.0,1149.0
IAH,VCT,54.0,123.0
IAH,XNA,102.0,438.0
ICT,ATL,133.0,782.0
ICT,AZA,148.0,855.0
ICT,DCA,170.0,1110.0
ICT,DEN,102.0,420.0
ICT,DFW,85.0,328.0
ICT,IAH,117.0,542.0
ICT,LAS,165.0,986.0
ICT,MIA,185.0,1295.0
ICT,MSP,114.0,545.0
ICT,ORD,121.0,588.0
ICT,PHX,161.0,870.0
ICT,PIE,154.0,1087.0
ICT,SFB,160.0,1117.0
ICT,STL,80.0,392.0
ICT,VPS,126.0,796.0
IDA,AZA,123.0,704.0
IDA,DEN,112.0,458.0
IDA,DFW,174.0,1095.0
IDA,LAS,105.0,539.0
IDA,OAK,124.0,666.0
IDA,ORD,194.0,1229.0
IDA,PDX,105.5,539.0
IDA,PHX,135.0,695.0
IDA,SEA,128.0,566.0
IDA,SLC,67.0,189.0
IDA,SNA,131.0,747.5
ILM,ATL,96.0,377.0
ILM,BOS,124.0,672.0
ILM,CLT,76.0,185.0
ILM,DCA,85.0,320.0
ILM,DFW,206.0,1106.0
ILM,EWR,124.0,488.0
ILM,LGA,103.0,500.0
ILM,MIA,120.5,601.0
ILM,MSP,179.0,1094.0
ILM,ORD,155.0,760.0
ILM,PHL,93.0,413.0
IMT,DTW,81.0,344.0
IMT,MSP,78.0,257.0
IND,ATL,98.0,432.0
IND,AUS,158.0,919.0
IND,BNA,65.0,249.0
IND,BOS,140.0,818.0
IND,BWI,95.0,516.0
IND,CHS,104.0,585.0
IND,CLT,104.0,427.0
IND,DAL,140.0,755.0
IND,DCA,104.0,500.0
IND,DEN,172.0,976.0
IND,DFW,149.0,761.0
IND,DTW,72.0,231.0
IND,ECP,112.5,646.0
IND,EWR,126.0,645.0
IND,EYW,168.5,1078.0
IND,FLL,160.0,1005.0
IND,HOU,155.0,861.0
IND,IAD,103.0,476.0
IND,IAH,161.0,844.0
IND,JAX,116.5,687.0
IND,JFK,133.0,665.0
IND,LAS,245.0,1590.0
IND,LAX,275.0,1814.0
IND,LGA,125.0,660.0
IND,MCI,90.0,451.0
IND,MCO,140.0,829.0
IND,MDW,65.0,162.0
IND,MIA,169.0,1020.0
IND,MSP,112.5,503.0
IND,MSY,135.0,707.0
IND,MYR,100.0,583.0
IND,ORD,80.0,177.0
IND,PBI,156.0,967.0
IND,PDX,261.0,1877.0
IND,PGD,149.0,916.0
IND,PHL,113.0,588.0
IND,PHX,235.0,1488.0
IND,PIE,134.5,840.0
IND,RDU,102.0,489.0
IND,RSW,145.0,945.0
IND,SAN,265.0,1782.0
IND,SAV,108.0,596.0
IND,SEA,287.0,1866.0
IND,SFB,132.0,807.0
IND,SFO,293.0,1943.0
IND,SLC,218.5,1355.0
IND,SRQ,140.0,876.0
IND,TPA,135.0,837.0
IND,VPS,112.0,637.0
INL,MSP,76.0,255.0
ISP,BWI,80.0,220.0
ISP,FLL,186.0,1092.0
ISP,MCO,173.0,971.0
ISP,MIA,185.0,1113.0
ISP,MYR,113.0,586.0
ISP,PBI,175.0,1052.0
ISP,RSW,200.0,1101.0
ISP,TPA,184.5,1034.0
ITH,EWR,89.0,172.0
ITO,HNL,56.0,216.0
ITO,OGG,40.0,121.0
JAC,ATL,218.5,1572.0
JAC,CLT,246.0,1685.0
JAC,DEN,104.0,406.0
JAC,DFW,168.0,1047.0
JAC,EWR,258.0,1874.0
JAC,IAH,198.0,1265.0
JAC,LAX,149.0,784.0
JAC,MSP,143.5,872.0
JAC,ORD,187.0,1162.0
JAC,SAN,156.0,828.0
JAC,SEA,138.0,621.0
JAC,SFO,147.5,737.0
JAC,SLC,69.0,205.0
JAN,ATL,83.0,341.0
JAN,BNA,75.0,327.0
JAN,BWI,140.0,888.0
JAN,CLT,121.0,562.0
JAN,DCA,150.0,860.0
JAN,DFW,104.0,408.0
JAN,HOU,85.0,359.0
JAN,IAH,93.0,351.0
JAN,MCO,110.0,588.0
JAX,ATL,76.0,270.0
JAX,AUS,170.0,953.0
JAX,BLV,120.0,723.0
JAX,BNA,100.0,483.0
JAX,BOS,163.0,1011.0
JAX,BWI,115.0,663.0
JAX,CAK,119.0,719.0
JAX,CLT,89.0,328.0
JAX,CVG,109.0,613.0
JAX,DAL,155.0,906.0
JAX,DCA,115.0,634.0
JAX,DEN,232.5,1446.0
JAX,DFW,175.0,917.0
JAX,DSM,178.0,1012.0
JAX,DTW,140.0,813.0
JAX,EWR,141.0,820.0
JAX,FLL,80.0,319.0
JAX,FNT,143.0,867.0
JAX,GRR,140.5,880.0
JAX,HOU,150.0,816.0
JAX,IAD,113.0,631.0
JAX,IAH,156.0,817.0
JAX,IND,118.5,687.0
JAX,JFK,140.0,828.0
JAX,LGA,145.0,834.0
JAX,MDT,128.5,724.0
JAX,MDW,145.0,848.0
JAX,MIA,80.0,335.0
JAX,MSP,190.5,1173.0
JAX,ORD,165.0,864.0
JAX,ORF,93.5,542.0
JAX,PHL,131.0,742.0
JAX,PHX,285.0,1785.0
JAX,PIT,118.5,694.0
JAX,SJU,183.5,1288.0
JAX,STL,130.0,753.0
JAX,TYS,94.0,390.0
JFK,ABQ,289.0,1826.0
JFK,ACK,78.0,199.0
JFK,ANC,461.0,3386.0
JFK,ATL,158.0,760.0
JFK,AUS,256.0,1521.0
JFK,BDL,64.0,106.0
JFK,BNA,159.0,765.0
JFK,BOS,80.0,187.0
JFK,BQN,232.0,1576.0
JFK,BUF,94.0,301.0
JFK,BUR,378.0,2465.0
JFK,BZN,305.0,1902.0
JFK,CHS,137.0,636.0
JFK,CLE,113.0,425.0
JFK,CLT,129.0,542.0
JFK,CMH,120.0,483.0
JFK,CVG,138.0,589.0
JFK,DAB,175.0,891.0
JFK,DCA,90.0,213.0
JFK,DEN,280.0,1626.0
JFK,DFW,244.0,1391.0
JFK,DTW,132.0,509.0
JFK,EGE,297.0,1746.0
JFK,FLL,192.0,1069.0
JFK,HNL,669.0,4983.0
JFK,HYA,80.0,196.0
JFK,IAD,85.0,228.0
JFK,IAH,252.0,1417.0
JFK,IND,145.0,665.0
JFK,JAX,161.0,828.0
JFK,LAS,351.0,2248.0
JFK,LAX,378.0,2475.0
JFK,MCI,212.5,1113.0
JFK,MCO,181.0,944.0
JFK,MHT,88.0,199.0
JFK,MIA,197.0,1089.0
JFK,MKE,165.0,745.0
JFK,MSP,199.0,1029.0
JFK,MSY,210.0,1182.0
JFK,MVY,80.0,173.0
JFK,ONT,369.0,2429.0
JFK,ORD,171.0,740.0
JFK,ORF,90.5,290.0
JFK,ORH,62.0,150.0
JFK,PBI,185.0,1028.0
JFK,PDX,378.0,2454.0
JFK,PHX,338.0,2153.0
JFK,PIT,111.0,340.0
JFK,PSE,253.0,1617.0
JFK,PSP,375.0,2378.0
JFK,PVD,68.5,144.0
JFK,PWM,86.0,273.0
JFK,RDU,112.0,427.0
JFK,RIC,112.5,288.0
JFK,RNO,371.0,2411.0
JFK,ROC,89.0,264.0
JFK,RSW,200.0,1074.0
JFK,SAN,373.0,2446.0
JFK,SAT,256.0,1587.0
JFK,SAV,150.0,717.5
JFK,SEA,381.0,2422.0
JFK,SFO,400.0,2586.0
JFK,SJU,238.0,1598.0
JFK,SLC,325.0,1990.0
JFK,SMF,388.0,2521.0
JFK,SNA,370.0,2454.0
JFK,SRQ,189.0,1041.0
JFK,STT,244.0,1623.0
JFK,SYR,83.5,209.0
JFK,TPA,186.0,1005.0
JLN,DEN,125.0,582.0
JLN,ORD,112.0,484.0
JMS,DEN,122.0,573.0
JMS,DVL,50.0,83.0
JNU,ANC,108.0,571.0
JNU,GST,39.0,41.0
JNU,KTN,61.0,234.0
JNU,PSG,46.0,123.0
JNU,SEA,147.0,909.0
JNU,SIT,45.0,95.0
JNU,YAK,62.0,198.0
JST,IAD,60.0,120.0
JST,ORD,114.0,487.0
KOA,ANC,375.0,2874.0
KOA,DEN,395.0,3329.0
KOA,DFW,425.0,3724.0
KOA,HNL,50.0,163.0
KOA,LAS,342.5,2717.0
KOA,LAX,325.0,2504.0
KOA,LIH,56.0,263.0
KOA,OAK,310.0,2378.0
KOA,OGG,37.0,84.0
KOA,ORD,479.0,4213.0
KOA,PDX,338.0,2607.0
KOA,PHX,348.0,2860.0
KOA,SAN,326.0,2556.0
KOA,SEA,354.0,2688.0
KOA,SFO,308.0,2368.0
KOA,SJC,309.0,2384.0
KOA,SLC,365.0,2966.0
KOA,SMF,310.0,2435.0
KTN,JNU,61.0,234.0
KTN,SEA,116.5,680.0
KTN,SIT,55.0,183.0
KTN,WRG,42.5,82.0
LAF,ORD,68.0,119.0
LAN,DCA,102.0,479.0
LAN,DTW,50.0,74.0
LAN,ORD,78.0,179.0
LAR,DEN,68.0,113.0
LAS,ABQ,90.0,486.0
LAS,ALB,285.0,2237.0
LAS,AMA,125.0,759.0
LAS,ANC,329.5,2304.0
LAS,ATL,236.0,1747.0
LAS,ATW,217.0,1510.0
LAS,AUS,162.0,1090.0
LAS,AVL,236.0,1824.0
LAS,AZA,80.5,276.0
LAS,BHM,215.0,1618.0
LAS,BIL,131.0,754.0
LAS,BIS,161.0,1048.0
LAS,BLI,166.5,954.0
LAS,BLV,198.0,1400.0
LAS,BNA,215.0,1587.0
LAS,BOI,110.0,519.0
LAS,BOS,308.0,2381.0
LAS,BUF,255.0,1986.0
LAS,BUR,73.0,223.0
LAS,BWI,270.0,2106.0
LAS,BZN,125.0,701.0
LAS,CHA,245.0,1682.0
LAS,CID,187.5,1319.0
LAS,CLE,248.0,1824.0
LAS,CLT,260.0,1916.0
LAS,CMH,235.0,1771.0
LAS,COS,110.0,604.0
LAS,CVG,226.0,1678.0
LAS,DAL,160.0,1067.0
LAS,DCA,270.0,2089.0
LAS,DEN,119.0,628.0
LAS,DFW,168.0,1055.0
LAS,DSM,175.0,1216.0
LAS,DTW,236.0,1749.0
LAS,ELP,105.0,584.0
LAS,EUG,135.0,700.0
LAS,EWR,295.5,2227.0
LAS,FAR,179.0,1205.0
LAS,FAT,78.0,259.0
LAS,FCA,149.5,845.0
LAS,FLL,277.0,2173.0
LAS,FNT,232.0,1733.0
LAS,FSD,167.0,1104.0
LAS,FWA,221.0,1649.0
LAS,GEG,143.0,806.0
LAS,GFK,183.0,1230.0
LAS,GRI,147.0,971.0
LAS,GRR,221.0,1642.0
LAS,GTF,141.0,810.0
LAS,HNL,384.0,2762.0
LAS,HOU,180.0,1235.0
LAS,IAD,271.0,2065.0
LAS,IAH,184.0,1222.0
LAS,ICT,145.0,986.0
LAS,IDA,108.5,539.0
LAS,IND,215.0,1590.0
LAS,JFK,302.0,2248.0
LAS,KOA,375.0,2718.0
LAS,LAX,79.0,236.0
LAS,LBB,125.0,775.0
LAS,LEX,229.0,1686.0
LAS,LGB,75.0,231.0
LAS,LIH,390.0,2818.0
LAS,LIT,180.0,1294.0
LAS,LRD,166.0,1092.0
LAS,MAF,125.0,795.0
LAS,MCI,165.0,1139.0
LAS,MCO,270.0,2039.0
LAS,MDW,215.0,1521.0
LAS,MEM,200.0,1416.0
LAS,MFE,179.0,1210.0
LAS,MFR,124.0,600.0
LAS,MIA,281.0,2174.0
LAS,MKE,210.0,1524.0
LAS,MLI,194.0,1376.0
LAS,MOT,170.0,1098.0
LAS,MRY,95.0,375.0
LAS,MSO,135.0,750.0
LAS,MSP,190.0,1299.0
LAS,MSY,197.0,1500.0
LAS,OAK,95.0,407.0
LAS,OGG,375.0,2695.0
LAS,OKC,145.0,986.0
LAS,OMA,160.0,1099.0
LAS,ONT,65.0,197.0
LAS,ORD,225.0,1514.0
LAS,PAE,169.0,894.0
LAS,PDX,145.0,763.0
LAS,PHL,287.5,2176.0
LAS,PHX,76.0,255.0
LAS,PIA,200.0,1413.0
LAS,PIT,250.0,1910.0
LAS,PSC,142.0,732.0
LAS,PSP,60.0,173.0
LAS,RAP,137.0,843.0
LAS,RDU,258.0,2026.0
LAS,RFD,202.0,1455.0
LAS,RNO,85.0,345.0
LAS,ROC,270.0,2040.0
LAS,SAN,75.0,258.0
LAS,SAT,158.0,1069.0
LAS,SBA,80.0,289.0
LAS,SBN,224.0,1594.0
LAS,SBP,87.0,314.0
LAS,SCK,87.0,359.0
LAS,SDF,220.0,1624.0
LAS,SEA,169.0,867.0
LAS,SFO,103.0,414.0
LAS,SGF,174.0,1209.0
LAS,SHV,174.0,1243.0
LAS,SJC,93.0,386.0
LAS,SLC,87.0,368.0
LAS,SMF,99.0,397.0
LAS,SMX,85.5,310.0
LAS,SNA,70.0,226.0
LAS,STL,190.0,1371.0
LAS,STS,107.0,454.0
LAS,TPA,255.0,1984.0
LAS,TUL,155.0,1076.0
LAS,TUS,80.0,365.0
LAS,TYS,233.0,1739.0
LAS,VPS,225.0,1695.0
LAS,XNA,169.0,1163.0
LAW,DFW,62.0,140.0
LAX,ABQ,119.0,677.0
LAX,ACV,122.0,577.0
LAX,ANC,335.0,2345.0
LAX,ASE,137.0,737.0
LAX,ATL,257.0,1947.0
LAX,AUS,179.0,1242.0
LAX,BLI,187.0,1047.0
LAX,BNA,240.0,1798.0
LAX,BOI,129.0,674.0
LAX,BOS,332.0,2611.0
LAX,BUF,290.0,2218.0
LAX,BWI,300.0,2329.0
LAX,BZN,161.0,902.0
LAX,CLE,273.0,2052.0
LAX,CLT,284.0,2125.0
LAX,CMH,269.0,1995.0
LAX,CVG,250.0,1900.0
LAX,DAL,185.0,1246.0
LAX,DCA,299.0,2311.0
LAX,DEN,145.0,862.0
LAX,DFW,186.0,1235.0
LAX,DSM,213.0,1447.0
LAX,DTW,263.0,1979.0
LAX,EGE,147.0,748.0
LAX,ELP,120.0,715.0
LAX,EUG,141.0,748.0
LAX,EWR,322.0,2454.0
LAX,FAT,75.0,209.0
LAX,FCA,173.0,1014.0
LAX,FLL,296.5,2343.0
LAX,GEG,156.0,945.0
LAX,HDN,139.0,763.0
LAX,HNL,354.5,2556.0
LAX,HOU,195.0,1390.0
LAX,IAD,299.0,2288.0
LAX,IAH,200.0,1379.0
LAX,ICT,174.0,1203.0
LAX,IND,244.0,1814.0
LAX,JAC,140.5,784.0
LAX,JFK,330.0,2475.0
LAX,KOA,344.0,2504.0
LAX,LAS,75.0,236.0
LAX,LIH,360.0,2615.0
LAX,MCI,192.0,1363.0
LAX,MCO,289.0,2218.0
LAX,MDW,240.0,1750.0
LAX,MEM,215.5,1619.0
LAX,MFE,191.5,1318.5
LAX,MIA,296.0,2342.0
LAX,MRY,81.0,266.0
LAX,MSO,161.0,923.0
LAX,MSP,217.0,1535.0
LAX,MSY,217.0,1670.0
LAX,MTJ,131.5,666.0
LAX,OAK,85.0,337.0
LAX,OGG,344.0,2486.0
LAX,OKC,175.0,1187.0
LAX,OMA,196.0,1330.0
LAX,ORD,250.0,1744.0
LAX,PBI,297.0,2330.0
LAX,PDX,147.0,833.0
LAX,PHL,308.0,2402.0
LAX,PHX,89.0,370.0
LAX,PIT,283.0,2136.0
LAX,PRC,85.0,346.0
LAX,PSC,159.0,851.0
LAX,PSP,63.5,110.0
LAX,RDD,110.0,501.0
LAX,RDM,143.0,726.0
LAX,RDU,293.0,2239.0
LAX,RNO,94.0,391.0
LAX,SAF,122.0,710.0
LAX,SAN,59.0,109.0
LAX,SAT,174.0,1211.0
LAX,SBA,56.5,89.0
LAX,SBP,64.0,155.0
LAX,SDF,241.0,1843.0
LAX,SEA,175.0,954.0
LAX,SFO,89.0,337.0
LAX,SGU,92.0,349.0
LAX,SJC,79.0,308.0
LAX,SLC,115.0,590.0
LAX,SMF,92.0,373.0
LAX,STL,215.0,1592.0
LAX,STS,102.0,399.0
LAX,SUN,141.0,696.0
LAX,TPA,278.5,2158.0
LAX,TUL,189.0,1283.0
LAX,TUS,92.0,451.0
LAX,XNA,197.0,1371.0
LBB,AUS,75.0,341.0
LBB,DAL,75.0,293.0
LBB,DEN,104.0,456.0
LBB,DFW,80.0,282.0
LBB,HOU,90.0,474.5
LBB,IAH,108.0,457.0
LBB,LAS,135.0,775.0
LBB,PHX,129.0,588.0
LBB,SLC,140.0,744.0
LBE,FLL,157.0,980.0
LBE,MCO,155.0,823.0
LBE,MYR,85.0,455.0
LBF,DEN,77.0,227.0
LBL,DEN,73.0,280.0
LCH,DFW,88.0,295.0
LCH,IAH,64.0,127.0
LCK,CHS,96.0,503.0
LCK,FLL,153.5,961.0
LCK,MYR,86.0,478.0
LCK,PGD,146.0,890.0
LCK,PIE,133.0,821.0
LCK,SAV,96.5,539.0
LCK,SFB,124.0,767.0
LCK,SRQ,137.0,856.0
LCK,VPS,119.0,675.0
LEX,ATL,93.0,304.0
LEX,CLT,93.0,281.0
LEX,DCA,93.0,414.0
LEX,DEN,207.0,1086.0
LEX,DFW,155.0,785.0
LEX,DTW,86.0,296.0
LEX,FLL,146.5,865.0
LEX,LAS,258.5,1686.0
LEX,MIA,149.0,880.0
LEX,MYR,81.0,438.0
LEX,ORD,99.0,323.0
LEX,PGD,130.0,781.0
LEX,PHL,109.0,520.0
LEX,PIE,116.5,707.0
LEX,SFB,111.0,667.0
LEX,VPS,102.0,532.0
LFT,ATL,107.0,503.0
LFT,CLT,137.0,729.0
LFT,DFW,97.0,351.0
LFT,IAH,77.0,201.0
LGA,ACK,75.5,202.0
LGA,AGS,148.0,678.0
LGA,ATL,155.0,762.0
LGA,AVL,129.0,599.0
LGA,BGR,97.0,378.0
LGA,BNA,156.0,764.0
LGA,BOS,80.0,184.0
LGA,BUF,90.0,292.0
LGA,CAE,126.0,617.0
LGA,CHO,90.0,305.0
LGA,CHS,137.0,641.0
LGA,CLE,111.0,419.0
LGA,CLT,128.0,544.0
LGA,CMH,116.0,479.0
LGA,CVG,133.0,585.0
LGA,DAL,230.0,1381.0
LGA,DAY,127.0,549.0
LGA,DCA,86.0,214.0
LGA,DEN,270.0,1620.0
LGA,DFW,242.0,1389.0
LGA,DSM,189.5,1031.0
LGA,DTW,122.0,502.0
LGA,EYW,222.5,1207.0
LGA,FLL,189.0,1076.0
LGA,GRR,133.0,618.0
LGA,GSO,113.0,461.0
LGA,GSP,133.0,610.0
LGA,HHH,144.0,701.0
LGA,HOU,245.0,1428.0
LGA,HYA,67.0,197.0
LGA,IAD,88.0,228.0
LGA,IAH,243.0,1416.0
LGA,ILM,113.0,500.0
LGA,IND,143.0,660.0
LGA,JAX,161.5,834.0
LGA,LIT,202.5,1085.0
LGA,MCI,200.0,1107.0
LGA,MCO,178.0,950.0
LGA,MDW,150.0,725.0
LGA,MEM,183.0,963.0
LGA,MIA,196.0,1096.0
LGA,MKE,155.0,738.0
LGA,MSN,161.0,812.0
LGA,MSP,190.0,1020.0
LGA,MSY,208.0,1183.0
LGA,MVY,76.0,175.0
LGA,MYR,122.0,563.0
LGA,OKC,234.0,1341.0
LGA,OMA,209.0,1148.0
LGA,ORD,161.5,733.0
LGA,ORF,91.0,296.0
LGA,PBI,181.0,1035.0
LGA,PHL,72.0,96.0
LGA,PIT,97.0,335.0
LGA,PWM,82.0,269.0
LGA,RDU,109.0,431.0
LGA,RIC,94.0,291.0
LGA,ROA,112.0,405.0
LGA,ROC,91.5,254.0
LGA,RSW,191.0,1080.0
LGA,SAV,151.5,722.0
LGA,SBN,137.0,651.0
LGA,SDF,150.0,659.0
LGA,SLC,339.0,1983.0
LGA,SRQ,191.0,1047.0
LGA,STL,170.0,888.0
LGA,SYR,83.0,198.0
LGA,TPA,180.0,1010.0
LGA,TUL,214.0,1231.0
LGA,TVC,138.0,655.0
LGA,TYS,143.0,647.0
LGA,XNA,208.0,1147.0
LGB,ABQ,110.0,664.0
LGB,AUS,170.0,1226.0
LGB,BNA,240.0,1785.0
LGB,BWI,300.0,2318.0
LGB,DAL,180.0,1232.0
LGB,DEN,140.0,854.0
LGB,ELP,110.0,699.0
LGB,HNL,355.0,2569.0
LGB,HOU,185.0,1374.0
LGB,LAS,70.0,231.0
LGB,MCO,280.0,2203.0
LGB,MDW,235.0,1741.0
LGB,MSY,210.0,1655.0
LGB,OAK,80.0,353.0
LGB,OGG,344.0,2498.0
LGB,PHX,80.0,355.0
LGB,RNO,80.0,402.0
LGB,SJC,75.0,324.0
LGB,SLC,112.0,588.0
LGB,SMF,85.0,387.0
LGB,STL,215.0,1581.0
LIH,DEN,416.0,3414.0
LIH,HNL,38.0,102.0
LIH,KOA,53.0,263.0
LIH,LAS,350.0,2817.0
LIH,LAX,335.0,2615.0
LIH,OAK,315.0,2457.0
LIH,OGG,49.0,202.0
LIH,PDX,333.0,2631.0
LIH,PHX,361.0,2979.0
LIH,SAN,339.0,2676.0
LIH,SEA,349.0,2701.0
LIH,SFO,313.5,2446.0
LIH,SJC,310.0,2465.0
LIH,SMF,311.0,2508.0
LIT,ATL,95.0,453.0
LIT,CLT,128.0,640.0
LIT,DAL,70.0,296.0
LIT,DCA,148.0,888.0
LIT,DEN,150.0,771.0
LIT,DFW,88.0,304.0
LIT,HOU,100.0,393.0
LIT,IAH,104.0,374.0
LIT,LAS,200.0,1294.0
LIT,LAX,221.0,1494.0
LIT,LGA,177.0,1085.0
LIT,MIA,160.0,941.0
LIT,ORD,121.0,552.0
LIT,PHX,200.0,1136.0
LIT,SFB,120.0,765.0
LIT,SLC,208.0,1156.0
LIT,STL,75.0,296.0
LNK,DEN,111.0,423.0
LNK,ORD,119.0,466.0
LRD,DFW,90.0,396.0
LRD,LAS,179.0,1092.0
LSE,ORD,78.0,215.0
LWS,DEN,131.0,768.0
LWS,SEA,86.5,262.0
LWS,SLC,97.0,461.0
MAF,AUS,82.0,294.0
MAF,DAL,75.0,319.0
MAF,DEN,119.0,563.0
MAF,DFW,81.0,309.0
MAF,HOU,85.0,441.0
MAF,IAH,95.5,429.0
MAF,LAS,140.0,795.0
MAF,PHX,122.0,581.0
MBS,DTW,55.0,98.0
MBS,ORD,87.0,222.0
MCI,ABQ,130.0,718.0
MCI,ATL,122.0,692.0
MCI,AUS,115.0,650.0
MCI,BNA,95.0,491.0
MCI,BOS,184.0,1256.0
MCI,BUR,205.0,1354.0
MCI,BWI,145.0,966.0
MCI,CLT,139.0,808.0
MCI,CMH,110.0,632.0
MCI,DAL,95.0,461.0
MCI,DCA,145.0,949.0
MCI,DEN,111.0,533.0
MCI,DFW,109.0,460.0
MCI,DTW,115.0,629.0
MCI,ECP,130.0,797.0
MCI,EWR,176.5,1092.0
MCI,FLL,180.0,1242.0
MCI,HOU,125.0,666.0
MCI,IAD,147.0,926.0
MCI,IAH,131.0,643.0
MCI,IND,85.0,451.0
MCI,JFK,186.0,1113.0
MCI,LAS,185.0,1139.0
MCI,LAX,215.0,1363.0
MCI,LGA,169.0,1107.0
MCI,MCO,161.0,1072.0
MCI,MDW,85.0,405.0
MCI,MIA,191.0,1251.0
MCI,MKE,85.0,436.0
MCI,MSP,91.5,393.0
MCI,MSY,115.0,690.0
MCI,MYR,135.0,959.0
MCI,OAK,230.0,1489.0
MCI,ORD,103.0,403.0
MCI,PDX,231.0,1482.0
MCI,PGD,172.0,1125.0
MCI,PHL,163.0,1038.0
MCI,PHX,175.0,1044.0
MCI,PIE,152.0,1045.0
MCI,PNS,120.0,743.0
MCI,RDU,130.0,904.0
MCI,RSW,165.0,1155.0
MCI,SAN,200.0,1334.0
MCI,SAT,125.0,706.0
MCI,SEA,240.0,1490.0
MCI,SFO,250.0,1499.0
MCI,SLC,162.0,920.0
MCI,SMF,225.0,1442.0
MCI,STL,65.0,237.0
MCI,TPA,150.0,1048.0
MCI,VPS,127.0,764.0
MCO,ABE,153.5,906.0
MCO,ABQ,237.5,1553.0
MCO,ACY,140.5,852.0
MCO,ALB,167.0,1073.0
MCO,ATL,99.0,404.0
MCO,AUS,175.0,994.0
MCO,AVL,103.0,488.0
MCO,BDL,167.0,1050.0
MCO,BHM,100.0,479.0
MCO,BNA,125.0,616.0
MCO,BOI,383.0,2194.0
MCO,BOS,184.0,1121.0
MCO,BQN,165.0,1129.0
MCO,BTV,190.0,1194.0
MCO,BUF,160.0,1011.0
MCO,BWI,135.0,787.0
MCO,CAE,88.0,380.0
MCO,CHA,107.0,510.0
MCO,CLE,157.0,895.0
MCO,CLT,111.0,468.0
MCO,CMH,140.0,802.0
MCO,CVG,136.5,757.0
MCO,DAL,175.0,973.0
MCO,DCA,135.0,759.0
MCO,DEN,255.0,1546.0
MCO,DFW,185.0,985.0
MCO,DSM,202.0,1141.0
MCO,DTW,165.0,957.0
MCO,ELP,215.0,1516.0
MCO,EWR,165.0,937.0
MCO,FLL,70.0,177.0
MCO,GRR,175.0,1024.0
MCO,HOU,160.0,849.0
MCO,HPN,169.0,972.0
MCO,IAD,133.0,758.0
MCO,IAH,164.0,854.0
MCO,IND,148.0,829.0
MCO,ISP,160.0,971.0
MCO,JFK,163.0,944.0
MCO,LAS,310.0,2039.0
MCO,LAX,331.0,2218.0
MCO,LBE,143.0,823.0
MCO,LGA,160.0,950.0
MCO,MCI,185.0,1072.0
MCO,MDT,148.5,851.0
MCO,MDW,170.0,990.0
MCO,MEM,135.0,684.0
MCO,MHT,175.0,1142.0
MCO,MIA,74.0,192.0
MCO,MKE,175.0,1066.0
MCO,MSN,201.0,1109.0
MCO,MSP,215.5,1310.0
MCO,MSY,115.0,551.0
MCO,MYR,85.0,388.0
MCO,OKC,180.0,1069.0
MCO,OMA,205.0,1211.0
MCO,ORD,187.0,1005.0
MCO,ORF,120.0,655.0
MCO,ORH,172.0,1091.0
MCO,PBI,60.0,141.0
MCO,PDX,371.0,2535.0
MCO,PHL,154.0,861.0
MCO,PHX,291.0,1849.0
MCO,PIT,145.0,834.0
MCO,PNS,92.0,381.0
MCO,PSE,175.0,1178.0
MCO,PVD,165.0,1072.0
MCO,PWM,186.0,1214.0
MCO,RDU,109.0,534.0
MCO,RIC,122.0,667.0
MCO,ROC,165.0,1033.0
MCO,RSW,60.0,133.0
MCO,SAN,323.5,2149.0
MCO,SAT,180.0,1041.0
MCO,SDF,130.0,719.0
MCO,SEA,389.0,2554.0
MCO,SFO,368.0,2446.0
MCO,SJU,173.0,1188.5
MCO,SLC,299.0,1931.0
MCO,SMF,345.0,2408.0
MCO,SRQ,60.0,104.0
MCO,STL,160.0,882.0
MCO,STT,178.0,1246.0
MCO,SYR,173.0,1053.0
MCO,TTN,155.0,896.0
MCO,TUL,165.0,1005.0
MCO,TYS,106.0,532.0
MCW,ORD,89.0,288.0
MDT,ATL,126.0,620.0
MDT,BNA,113.0,608.0
MDT,CLT,102.0,413.0
MDT,DFW,208.0,1231.0
MDT,DTW,98.0,371.0
MDT,FLL,171.0,993.0
MDT,JAX,148.0,724.0
MDT,MCO,155.0,851.0
MDT,MYR,90.5,465.0
MDT,ORD,135.0,594.0
MDT,PGD,162.0,963.0
MDT,PHL,53.0,84.0
MDT,PIE,147.0,912.0
MDT,SFB,138.0,827.0
MDT,SRQ,148.0,942.0
MDW,ABQ,180.0,1121.0
MDW,ALB,115.0,717.0
MDW,ATL,115.0,591.0
MDW,AUS,160.0,972.0
MDW,AVL,96.0,521.0
MDW,BDL,125.0,776.0
MDW,BHM,100.0,570.0
MDW,BNA,90.0,395.0
MDW,BOI,220.0,1448.0
MDW,BOS,135.0,861.0
MDW,BUF,90.0,468.0
MDW,BUR,265.0,1740.0
MDW,BWI,110.0,611.0
MDW,BZN,190.0,1198.0
MDW,CHS,125.0,745.0
MDW,CLE,75.0,307.0
MDW,CLT,110.0,584.0
MDW,CMH,70.0,283.0
MDW,COS,155.0,917.0
MDW,CVG,70.0,249.0
MDW,DAL,140.0,793.0
MDW,DCA,110.0,601.0
MDW,DEN,160.0,895.0
MDW,DFW,161.0,797.0
MDW,DTW,70.0,228.0
MDW,ECP,125.0,795.0
MDW,ELP,192.5,1237.0
MDW,EWR,126.0,711.0
MDW,FLL,180.0,1167.0
MDW,GEG,235.0,1511.0
MDW,GRR,55.0,137.0
MDW,HOU,160.0,937.0
MDW,IAH,170.5,917.0
MDW,IND,60.0,162.0
MDW,JAX,135.0,848.5
MDW,LAS,235.0,1521.0
MDW,LAX,270.0,1751.0
MDW,LGA,125.0,725.0
MDW,LGB,260.0,1741.0
MDW,MCI,90.0,404.5
MDW,MCO,155.0,990.0
MDW,MEM,100.0,480.0
MDW,MHT,125.0,838.0
MDW,MIA,185.0,1182.0
MDW,MSP,90.0,349.0
MDW,MSY,135.0,825.0
MDW,MYR,115.0,738.0
MDW,OAK,275.0,1844.0
MDW,OKC,125.0,691.0
MDW,OMA,90.0,423.0
MDW,ONT,255.0,1706.0
MDW,ORF,120.0,704.0
MDW,PDX,260.0,1751.0
MDW,PGD,167.0,1076.0
MDW,PHL,115.0,668.0
MDW,PHX,230.0,1444.0
MDW,PIT,85.0,402.0
MDW,PNS,130.0,781.0
MDW,PSP,260.0,1657.0
MDW,PVD,132.5,842.0
MDW,PVU,196.0,1254.0
MDW,PWM,135.0,895.0
MDW,RDU,110.0,632.0
MDW,RIC,110.0,629.0
MDW,RNO,255.0,1680.0
MDW,ROC,95.0,523.0
MDW,RSW,170.0,1105.0
MDW,SAN,260.0,1728.0
MDW,SAT,170.0,1036.0
MDW,SAV,125.0,758.0
MDW,SDF,75.0,271.0
MDW,SEA,270.0,1733.0
MDW,SFO,280.0,1855.0
MDW,SJC,275.0,1838.0
MDW,SJU,275.0,2057.0
MDW,SLC,210.0,1259.0
MDW,SMF,265.0,1790.0
MDW,SRQ,160.0,1035.0
MDW,STL,70.0,251.0
MDW,TPA,155.0,997.0
MDW,TUL,110.0,583.0
MDW,TUS,225.0,1440.0
MDW,TYS,86.0,459.0
MDW,VPS,132.0,782.0
MEI,IAH,100.0,422.0
MEM,ATL,82.0,332.0
MEM,AUS,113.0,559.0
MEM,BNA,50.0,200.0
MEM,BOS,182.0,1139.0
MEM,BWI,125.0,787.0
MEM,CLT,109.0,511.0
MEM,DAL,90.0,423.0
MEM,DCA,134.0,762.0
MEM,DEN,160.0,872.0
MEM,DFW,106.0,431.0
MEM,DTW,116.0,610.0
MEM,EWR,169.0,946.0
MEM,FLL,141.0,851.0
MEM,HOU,100.0,484.0
MEM,IAH,114.0,468.0
MEM,LAS,223.0,1416.0
MEM,LAX,249.0,1619.0
MEM,LGA,162.0,963.0
MEM,MCO,122.0,684.0
MEM,MDW,95.0,480.0
MEM,MIA,144.0,859.0
MEM,MSP,137.0,700.0
MEM,MSY,74.0,348.0
MEM,ORD,119.0,491.0
MEM,PHL,146.0,875.0
MEM,PHX,205.0,1264.0
MEM,PIE,106.5,653.0
MEM,SFB,112.0,671.0
MEM,SLC,211.5,1262.0
MEM,TPA,115.0,655.0
MFE,AUS,88.0,279.0
MFE,DFW,102.0,469.0
MFE,IAH,79.0,316.0
MFE,LAS,193.0,1210.0
MFE,PIE,174.0,966.0
MFE,SFB,155.0,1059.0
MFR,DEN,155.0,964.0
MFR,LAS,107.0,600.0
MFR,PDX,64.0,222.0
MFR,PHX,145.0,855.0
MFR,SEA,96.0,352.0
MFR,SFO,90.0,329.0
MFR,SLC,110.0,575.0
MFR,SNA,122.0,659.0
MGM,ATL,62.5,147.0
MGM,DCA,128.0,693.0
MGM,DFW,133.5,622.0
MGW,IAD,66.0,140.0
MGW,ORD,115.0,449.0
MHK,DFW,103.0,431.0
MHK,ORD,113.5,501.0
MHT,BWI,95.0,377.0
MHT,CLT,150.0,737.0
MHT,DCA,111.5,406.0
MHT,FLL,207.0,1262.0
MHT,JFK,74.0,199.0
MHT,MCO,194.0,1142.0
MHT,MDW,150.0,838.0
MHT,ORD,165.0,843.0
MHT,PHL,95.0,289.0
MHT,RSW,212.5,1271.0
MHT,TPA,207.5,1204.0
MIA,AGS,103.0,531.0
MIA,ALB,213.0,1225.0
MIA,ATL,123.0,594.0
MIA,AUS,192.5,1103.0
MIA,AVL,127.0,677.0
MIA,BDL,190.0,1194.0
MIA,BHM,125.0,661.0
MIA,BNA,146.0,806.0
MIA,BOS,203.0,1258.0
MIA,BUF,208.5,1185.0
MIA,BWI,160.0,946.0
MIA,CAE,119.0,563.0
MIA,CHS,104.0,489.0
MIA,CID,228.0,1286.0
MIA,CLE,182.0,1080.0
MIA,CLT,132.0,650.0
MIA,CMH,171.0,990.0
MIA,CVG,169.0,948.0
MIA,DAL,190.0,1109.0
MIA,DCA,156.0,919.0
MIA,DEN,275.0,1709.0
MIA,DFW,200.0,1121.0
MIA,DSM,230.0,1327.0
MIA,DTW,190.0,1145.0
MIA,EGE,299.0,1810.0
MIA,EWR,186.0,1085.0
MIA,EYW,57.0,126.0
MIA,GNV,78.0,294.0
MIA,GRR,201.0,1214.0
MIA,GSO,138.0,710.0
MIA,GSP,122.0,637.0
MIA,HOU,170.0,955.0
MIA,HPN,201.5,1118.0
MIA,HSV,149.5,722.0
MIA,IAD,160.0,922.0
MIA,IAH,179.0,964.0
MIA,ICT,224.0,1295.0
MIA,ILM,122.0,601.0
MIA,IND,174.0,1020.0
MIA,ISP,175.0,1113.0
MIA,JAX,83.0,335.0
MIA,JFK,184.0,1089.0
MIA,LAS,329.5,2174.0
MIA,LAX,344.0,2342.0
MIA,LGA,179.0,1096.0
MIA,LIT,172.0,941.0
MIA,MCI,209.0,1251.0
MIA,MCO,72.0,192.0
MIA,MDW,195.0,1182.0
MIA,MEM,153.0,859.0
MIA,MKE,211.5,1258.0
MIA,MSN,204.0,1300.0
MIA,MSP,237.0,1501.0
MIA,MSY,132.0,675.0
MIA,OKC,201.5,1222.0
MIA,OMA,242.5,1393.0
MIA,ORD,210.0,1197.0
MIA,ORF,139.0,802.0
MIA,PDX,399.5,2700.0
MIA,PHL,171.0,1013.0
MIA,PHX,304.0,1972.0
MIA,PIT,166.0,1013.0
MIA,PNS,113.0,530.0
MIA,RDU,132.0,700.0
MIA,RIC,145.0,825.0
MIA,ROC,203.0,1203.0
MIA,SAN,338.0,2267.0
MIA,SAT,197.5,1143.0
MIA,SAV,96.0,440.0
MIA,SDF,159.0,910.0
MIA,SEA,405.0,2724.0
MIA,SFO,383.0,2585.0
MIA,SGF,187.0,1102.0
MIA,SJU,160.0,1045.0
MIA,SLC,320.0,2088.0
MIA,SMF,360.5,2552.0
MIA,SRQ,65.0,178.0
MIA,STL,175.0,1068.0
MIA,STT,165.0,1107.0
MIA,STX,170.0,1139.0
MIA,SYR,204.0,1217.0
MIA,TLH,93.0,402.0
MIA,TPA,67.0,204.0
MIA,TUL,188.0,1168.0
MIA,TYS,135.0,724.0
MIA,XNA,193.5,1099.0
MKE,ATL,125.5,669.0
MKE,AUS,167.5,1032.0
MKE,BNA,95.0,475.0
MKE,BOS,143.5,860.0
MKE,BWI,110.0,641.0
MKE,CLT,128.0,651.0
MKE,DAL,145.0,850.0
MKE,DCA,122.0,634.0
MKE,DEN,160.0,896.0
MKE,DFW,161.0,853.0
MKE,DTW,73.0,237.0
MKE,EWR,140.0,725.0
MKE,FLL,190.0,1243.0
MKE,IAH,182.0,984.0
MKE,JFK,144.0,745.0
MKE,LAS,235.0,1524.0
MKE,LAX,262.0,1756.0
MKE,LGA,135.0,738.0
MKE,MCI,90.0,436.0
MKE,MCO,165.0,1066.0
MKE,MIA,200.0,1258.0
MKE,MSP,84.0,297.0
MKE,ORD,68.0,67.0
MKE,PHL,126.0,690.0
MKE,PHX,228.5,1460.0
MKE,RSW,175.0,1183.0
MKE,SAN,255.0,1739.0
MKE,SEA,263.5,1694.0
MKE,SLC,209.0,1247.0
MKE,SRQ,165.0,1113.0
MKE,STL,80.0,317.0
MKE,TPA,160.0,1075.0
MLB,ABE,152.0,914.0
MLB,ATL,99.5,442.0
MLB,CLT,111.0,490.0
MLB,CVG,139.0,789.0
MLB,PIT,139.0,854.0
MLI,AZA,202.5,1287.0
MLI,CLT,130.0,674.0
MLI,DEN,155.0,752.0
MLI,DFW,142.0,691.0
MLI,LAS,203.0,1376.0
MLI,ORD,70.0,139.0
MLI,PGD,168.0,1113.0
MLI,PIE,146.5,1033.0
MLI,SFB,151.0,1018.0
MLI,SRQ,156.0,1069.0
MLU,DFW,90.0,293.0
MOB,ATL,82.0,302.0
MOB,DFW,119.0,539.0
MOT,AZA,181.0,1164.0
MOT,DEN,126.0,604.0
MOT,LAS,179.0,1098.0
MOT,MSP,99.5,449.0
MQT,DTW,86.0,349.0
MQT,MSP,86.0,300.0
MQT,ORD,92.0,303.0
MRY,DEN,163.0,959.0
MRY,DFW,211.0,1430.0
MRY,LAS,92.0,375.0
MRY,LAX,90.0,266.0
MRY,PHX,115.0,598.0
MRY,SAN,85.0,375.0
MRY,SFO,55.0,77.0
MSN,ATL,131.0,707.0
MSN,CLT,138.0,708.0
MSN,DCA,129.0,707.0
MSN,DEN,157.0,826.0
MSN,DFW,153.0,821.0
MSN,DTW,80.0,311.0
MSN,EWR,139.0,799.0
MSN,LGA,137.0,812.0
MSN,MCO,181.0,1109.0
MSN,MIA,214.0,1300.0
MSN,MSP,74.0,228.0
MSN,ORD,69.0,108.0
MSN,PHL,135.0,764.0
MSN,PHX,227.5,1396.0
MSO,AZA,151.0,948.0
MSO,DEN,128.5,679.0
MSO,DFW,199.0,1320.0
MSO,LAS,130.0,750.0
MSO,LAX,173.0,923.0
MSO,MSP,163.0,1013.0
MSO,ORD,204.0,1332.0
MSO,SAN,178.0,992.0
MSO,SEA,95.0,389.0
MSO,SFO,152.0,769.0
MSO,SLC,98.0,436.0
MSO,SNA,161.0,935.0
MSP,ABQ,163.0,981.0
MSP,ABR,79.5,257.0
MSP,ANC,356.0,2519.0
MSP,ATL,152.0,907.0
MSP,ATW,74.5,236.0
MSP,ATY,68.0,193.0
MSP,AUS,172.0,1042.0
MSP,AZA,216.0,1267.0
MSP,BDL,156.0,1050.0
MSP,BIL,131.5,748.0
MSP,BIS,95.0,386.0
MSP,BJI,70.0,199.0
MSP,BNA,123.0,695.0
MSP,BOI,184.0,1142.0
MSP,BOS,173.0,1124.0
MSP,BRD,60.0,114.0
MSP,BUF,121.0,735.0
MSP,BWI,147.0,936.0
MSP,BZN,148.5,874.0
MSP,CHS,163.0,1087.0
MSP,CID,68.0,220.0
MSP,CIU,92.0,435.0
MSP,CLE,112.0,622.0
MSP,CLT,157.0,930.0
MSP,CMH,111.0,626.0
MSP,COS,130.0,725.0
MSP,CVG,107.0,596.0
MSP,DAL,140.0,853.0
MSP,DCA,147.0,931.0
MSP,DEN,134.0,680.0
MSP,DFW,158.0,852.0
MSP,DLH,62.0,144.0
MSP,DSM,72.0,232.0
MSP,DTW,104.0,528.0
MSP,EGE,170.0,788.0
MSP,ESC,80.0,304.0
MSP,EWR,162.0,1008.0
MSP,FAI,344.0,2466.0
MSP,FAR,73.0,223.0
MSP,FCA,176.0,1026.0
MSP,FLL,217.0,1487.0
MSP,FSD,67.0,196.0
MSP,FWA,104.0,488.0
MSP,GEG,186.0,1175.0
MSP,GFK,81.0,284.0
MSP,GRB,73.0,252.0
MSP,GRR,87.0,408.0
MSP,GTF,160.0,887.0
MSP,HDN,153.0,774.0
MSP,HIB,67.0,174.0
MSP,HNL,535.0,3972.0
MSP,HRL,192.5,1310.0
MSP,IAD,149.0,908.0
MSP,IAH,182.0,1034.0
MSP,ICT,110.0,545.0
MSP,ILM,163.0,1094.0
MSP,IMT,72.5,257.0
MSP,IND,98.0,503.0
MSP,INL,79.5,255.0
MSP,JAC,154.5,872.0
MSP,JAX,171.0,1173.0
MSP,JFK,174.0,1029.0
MSP,LAS,206.0,1299.0
MSP,LAX,240.0,1535.0
MSP,LGA,164.0,1020.0
MSP,MCI,91.0,393.0
MSP,MCO,195.0,1310.0
MSP,MDW,90.0,349.0
MSP,MEM,134.0,700.0
MSP,MIA,220.0,1501.0
MSP,MKE,74.5,297.0
MSP,MOT,103.0,449.0
MSP,MQT,78.5,300.0
MSP,MSN,67.5,228.0
MSP,MSO,171.5,1013.0
MSP,MSY,163.0,1040.0
MSP,MYR,157.0,1085.0
MSP,OKC,129.0,694.0
MSP,OMA,81.0,282.0
MSP,ORD,98.0,334.0
MSP,ORF,157.0,1045.0
MSP,PBI,215.0,1451.0
MSP,PDX,219.0,1426.0
MSP,PGD,205.0,1386.0
MSP,PHL,154.0,980.0
MSP,PHX,205.0,1276.0
MSP,PIT,124.0,726.0
MSP,PSC,207.0,1254.0
MSP,PSP,227.0,1454.0
MSP,PVD,164.0,1117.0
MSP,PWM,164.0,1136.0
MSP,RAP,110.0,489.0
MSP,RDU,150.0,980.0
MSP,RHI,68.0,190.0
MSP,RIC,161.0,969.0
MSP,RNO,219.0,1405.0
MSP,RST,47.0,76.0
MSP,RSW,203.0,1416.0
MSP,SAN,232.0,1532.0
MSP,SAT,175.0,1097.0
MSP,SAV,161.0,1092.0
MSP,SBN,92.0,411.0
MSP,SDF,121.0,604.0
MSP,SEA,235.0,1399.0
MSP,SFO,254.5,1589.0
MSP,SJC,241.0,1575.0
MSP,SJU,307.0,2404.0
MSP,SLC,175.0,991.0
MSP,SMF,231.0,1517.0
MSP,SNA,237.0,1522.0
MSP,SRQ,197.5,1342.0
MSP,STL,91.0,448.0
MSP,TPA,189.0,1306.0
MSP,TUS,211.0,1298.0
MSP,TVC,89.5,376.0
MSP,TYS,123.0,792.0
MSP,VPS,166.0,1058.0
MSP,XNA,125.0,596.0
MSP,XWA,123.0,553.0
MSY,ATL,90.0,425.0
MSY,AUS,95.0,445.0
MSY,BNA,94.0,471.0
MSY,BOS,198.0,1368.0
MSY,BUR,260.0,1668.0
MSY,BWI,145.0,998.0
MSY,CLT,122.0,651.0
MSY,CMH,125.0,806.0
MSY,CVG,121.0,701.0
MSY,DAL,90.0,436.0
MSY,DCA,150.0,969.0
MSY,DEN,180.0,1062.0
MSY,DFW,108.0,448.0
MSY,DTW,150.0,926.0
MSY,EWR,178.0,1167.0
MSY,FLL,112.0,673.0
MSY,GSP,105.0,578.0
MSY,HOU,80.0,302.0
MSY,IAD,148.5,955.0
MSY,IAH,84.0,305.0
MSY,IND,117.0,707.0
MSY,JFK,181.0,1182.0
MSY,LAS,230.0,1500.0
MSY,LAX,260.0,1670.0
MSY,LGA,175.0,1183.0
MSY,MCI,120.0,689.0
MSY,MCO,105.0,551.0
MSY,MDW,140.0,825.0
MSY,MEM,77.5,348.0
MSY,MIA,118.0,674.0
MSY,MSP,171.5,1040.0
MSY,ORD,158.0,837.0
MSY,PDX,311.5,2050.0
MSY,PHL,169.0,1089.0
MSY,PHX,215.0,1301.0
MSY,RDU,126.0,779.0
MSY,SAN,245.0,1599.0
MSY,SAT,100.0,494.0
MSY,SEA,319.0,2086.0
MSY,SFO,296.0,1911.0
MSY,SLC,226.0,1428.0
MSY,STL,110.0,604.0
MSY,TPA,90.0,488.0
MTJ,ATL,193.0,1352.0
MTJ,DAL,125.0,733.0
MTJ,DEN,71.0,197.0
MTJ,DFW,128.0,722.0
MTJ,EWR,245.5,1795.0
MTJ,LAX,138.0,666.0
MTJ,ORD,184.0,1081.0
MTJ,SFO,161.0,791.0
MVY,BOS,49.0,70.0
MVY,CLT,146.0,704.0
MVY,DCA,103.0,383.0
MVY,JFK,67.0,173.0
MVY,LGA,75.0,175.0
MVY,PHL,87.0,265.0
MYR,ABE,101.0,518.0
MYR,ACY,83.0,466.0
MYR,ALB,116.0,685.0
MYR,ATL,85.0,317.0
MYR,BDL,112.0,664.0
MYR,BLV,117.0,696.0
MYR,BNA,100.0,471.0
MYR,BOS,128.0,738.0
MYR,BWI,85.0,399.0
MYR,CAK,103.0,518.0
MYR,CKB,81.0,394.0
MYR,CLE,105.0,557.0
MYR,CLT,70.0,157.0
MYR,CMH,90.0,488.0
MYR,CVG,98.0,489.0
MYR,DAL,160.0,1038.0
MYR,DCA,92.0,372.0
MYR,DEN,230.0,1484.0
MYR,DFW,193.0,1048.0
MYR,DTW,118.0,636.0
MYR,EWR,116.0,550.0
MYR,FLL,109.0,529.0
MYR,GRR,130.0,728.0
MYR,HGR,89.0,421.0
MYR,HTS,75.0,382.0
MYR,IAD,94.0,373.0
MYR,IAG,118.0,650.0
MYR,ISP,105.0,586.0
MYR,LBE,90.0,455.0
MYR,LCK,89.5,478.0
MYR,LGA,108.0,563.0
MYR,MCI,150.0,959.0
MYR,MCO,91.0,388.0
MYR,MDT,93.0,465.0
MYR,MDW,130.0,738.0
MYR,MSP,180.0,1085.0
MYR,ORD,153.0,753.0
MYR,PBG,134.0,811.0
MYR,PHL,103.0,473.0
MYR,PIT,92.0,475.0
MYR,ROC,116.0,655.0
MYR,SDF,106.0,491.0
MYR,STL,130.0,728.0
MYR,SWF,115.5,601.0
MYR,SYR,114.0,668.0
OAJ,CLT,82.0,191.0
OAK,ABQ,135.0,889.0
OAK,AUS,200.0,1497.0
OAK,BLI,127.0,764.0
OAK,BOI,90.0,512.0
OAK,BUR,75.0,325.0
OAK,DAL,205.0,1468.0
OAK,DEN,150.0,957.0
OAK,EUG,90.0,445.0
OAK,FCA,124.0,834.0
OAK,GEG,120.0,723.0
OAK,HNL,333.0,2409.0
OAK,HOU,225.0,1642.0
OAK,IDA,107.0,667.0
OAK,KOA,350.0,2378.0
OAK,LAS,95.0,407.0
OAK,LAX,85.0,337.0
OAK,LGB,85.0,353.0
OAK,LIH,335.0,2456.0
OAK,MCI,200.0,1489.0
OAK,MDW,245.0,1844.0
OAK,MSO,117.5,758.0
OAK,OGG,325.0,2349.0
OAK,ONT,85.0,362.0
OAK,PDX,100.0,543.0
OAK,PHX,115.0,646.0
OAK,PSP,90.0,418.0
OAK,RNO,60.0,181.0
OAK,SAN,90.0,446.0
OAK,SBA,70.0,263.0
OAK,SEA,129.0,672.0
OAK,SLC,111.0,588.0
OAK,SNA,90.0,371.0
OAK,STL,225.0,1725.0
OGG,ANC,362.0,2797.0
OGG,ATL,505.0,4431.0
OGG,DEN,389.0,3302.0
OGG,DFW,422.0,3710.0
OGG,HNL,43.0,100.0
OGG,ITO,39.0,121.0
OGG,KOA,36.0,84.0
OGG,LAS,335.0,2695.0
OGG,LAX,320.0,2485.0
OGG,LGB,306.0,2498.0
OGG,LIH,51.0,202.0
OGG,OAK,300.0,2348.0
OGG,ORD,477.0,4184.0
OGG,PDX,325.0,2562.0
OGG,PHX,345.0,2845.0
OGG,SAN,320.0,2541.0
OGG,SEA,341.0,2639.0
OGG,SFO,302.0,2338.0
OGG,SJC,300.0,2355.0
OGG,SLC,361.0,2935.0
OGG,SMF,305.0,2404.0
OKC,ATL,127.0,761.0
OKC,AUS,80.0,358.0
OKC,BNA,100.0,616.0
OKC,CLT,157.0,940.0
OKC,DCA,173.0,1158.0
OKC,DEN,111.0,495.0
OKC,DFW,67.0,175.0
OKC,HOU,85.0,419.0
OKC,IAH,97.0,395.0
OKC,LAS,160.0,986.0
OKC,LAX,199.0,1187.0
OKC,LGA,202.0,1341.0
OKC,MCO,160.0,1069.0
OKC,MDW,115.0,691.0
OKC,MIA,182.0,1222.0
OKC,MSP,135.0,694.0
OKC,ORD,136.0,693.0
OKC,PHX,150.0,833.0
OKC,SAT,85.0,407.0
OKC,SEA,236.0,1519.0
OKC,SFB,152.0,1061.0
OKC,SLC,160.0,866.0
OKC,STL,85.0,462.0
OKC,VPS,123.0,726.0
OMA,ATL,137.0,821.0
OMA,AZA,161.0,1026.0
OMA,BNA,105.0,612.0
OMA,CLT,155.0,913.0
OMA,DAL,110.0,586.0
OMA,DCA,150.0,1012.0
OMA,DEN,105.0,472.0
OMA,DFW,118.0,583.0
OMA,DTW,121.0,650.0
OMA,FLL,195.0,1383.0
OMA,HOU,140.0,804.0
OMA,IAH,148.0,781.0
OMA,LAS,175.0,1099.0
OMA,LAX,224.5,1330.0
OMA,LGA,177.0,1148.0
OMA,MCO,182.5,1211.0
OMA,MDW,85.0,423.0
OMA,MIA,210.0,1393.0
OMA,MSP,83.0,282.0
OMA,ORD,105.0,416.0
OMA,PGD,185.0,1269.0
OMA,PHL,168.0,1089.0
OMA,PHX,174.5,1037.0
OMA,PIE,168.0,1188.0
OMA,SEA,222.0,1368.0
OMA,SFB,170.0,1195.0
OMA,SFO,239.0,1433.0
OMA,SLC,163.0,840.0
OMA,SRQ,175.0,1222.0
OMA,STL,75.0,342.0
OMA,VPS,143.0,911.0
OME,ANC,92.0,539.0
ONT,ATL,250.0,1900.0
ONT,AUS,165.0,1196.0
ONT,BNA,225.0,1751.0
ONT,BWI,290.0,2283.0
ONT,CLT,268.0,2078.0
ONT,DAL,170.0,1200.0
ONT,DEN,137.0,819.0
ONT,DFW,180.0,1188.0
ONT,HNL,370.0,2603.0
ONT,HOU,180.0,1345.0
ONT,IAH,190.0,1334.0
ONT,JFK,331.0,2429.0
ONT,LAS,65.0,197.0
ONT,MDW,230.0,1706.0
ONT,OAK,80.0,362.0
ONT,ORD,243.0,1700.0
ONT,PDX,145.5,838.0
ONT,PHX,77.0,325.0
ONT,SEA,171.0,956.0
ONT,SFO,88.0,363.0
ONT,SJC,75.0,333.0
ONT,SLC,110.0,558.0
ONT,SMF,85.0,390.0
ORD,ABE,133.0,654.0
ORD,ABQ,197.0,1118.0
ORD,ACK,174.0,924.0
ORD,AGS,136.0,677.0
ORD,ALB,130.5,723.0
ORD,ALO,77.0,234.0
ORD,ANC,405.0,2846.0
ORD,ASE,194.0,1013.0
ORD,ATL,126.0,606.0
ORD,ATW,71.0,160.0
ORD,AUS,175.0,977.0
ORD,AVL,115.0,536.0
ORD,AVP,122.0,632.0
ORD,AZO,58.0,122.0
ORD,BDL,137.0,783.0
ORD,BGR,163.0,978.0
ORD,BHM,122.0,584.0
ORD,BIL,196.0,1060.0
ORD,BIS,160.0,715.0
ORD,BMI,59.5,116.0
ORD,BNA,101.0,409.0
ORD,BOI,246.5,1437.0
ORD,BOS,148.0,867.0
ORD,BTV,137.0,763.0
ORD,BUF,101.0,474.0
ORD,BWI,119.0,622.0
ORD,BZN,207.0,1185.0
ORD,CAE,132.5,666.0
ORD,CAK,94.5,344.0
ORD,CHA,114.0,501.0
ORD,CHO,125.0,566.0
ORD,CHS,141.0,760.0
ORD,CID,76.0,196.0
ORD,CIU,89.0,341.0
ORD,CLE,85.0,316.0
ORD,CLT,126.0,599.0
ORD,CMH,88.0,296.0
ORD,CMI,62.0,135.0
ORD,CMX,98.0,360.0
ORD,COS,177.5,911.0
ORD,COU,89.0,315.0
ORD,CRW,105.0,416.0
ORD,CVG,85.0,264.0
ORD,CWA,73.0,213.0
ORD,DAL,150.0,798.0
ORD,DAY,80.0,240.0
ORD,DCA,117.0,612.0
ORD,DEC,65.5,156.0
ORD,DEN,170.0,888.0
ORD,DFW,160.0,802.0
ORD,DLH,105.0,397.0
ORD,DSM,90.0,299.0
ORD,DTW,88.0,235.0
ORD,EAU,84.0,269.0
ORD,ECP,148.0,810.0
ORD,EGE,185.5,1007.0
ORD,ELP,218.5,1236.0
ORD,EVV,81.5,272.0
ORD,EWR,137.0,719.0
ORD,EYW,198.0,1251.0
ORD,FAI,395.0,2785.0
ORD,FAR,129.0,557.0
ORD,FAT,270.0,1730.0
ORD,FCA,230.0,1352.0
ORD,FLL,190.0,1182.0
ORD,FNT,76.0,223.0
ORD,FOD,94.0,324.0
ORD,FSD,112.0,462.0
ORD,FWA,73.0,157.0
ORD,GEG,252.0,1498.0
ORD,GRB,71.0,173.0
ORD,GRR,66.0,137.0
ORD,GSO,124.0,589.0
ORD,GSP,118.0,577.0
ORD,HDN,188.0,1009.0
ORD,HHH,145.0,781.0
ORD,HNL,550.0,4243.0
ORD,HPN,138.0,738.0
ORD,HSV,113.0,510.0
ORD,IAD,119.0,588.0
ORD,IAH,177.5,925.0
ORD,ICT,128.0,588.0
ORD,IDA,214.0,1229.0
ORD,ILM,134.0,760.0
ORD,IND,73.0,177.0
ORD,JAC,195.0,1162.0
ORD,JAX,151.0,864.0
ORD,JFK,142.0,740.0
ORD,JLN,113.0,484.0
ORD,JST,109.0,487.0
ORD,KOA,555.0,4213.0
ORD,LAF,61.0,119.0
ORD,LAN,69.0,179.0
ORD,LAS,245.0,1514.0
ORD,LAX,275.0,1744.0
ORD,LEX,91.0,323.0
ORD,LGA,134.0,733.0
ORD,LIT,121.0,552.0
ORD,LNK,117.0,466.0
ORD,LSE,78.0,215.0
ORD,MBS,78.0,222.0
ORD,MCI,102.0,403.0
ORD,MCO,170.0,1005.0
ORD,MCW,90.0,288.0
ORD,MDT,117.0,594.0
ORD,MEM,116.0,491.0
ORD,MGW,105.0,449.0
ORD,MHK,112.0,501.0
ORD,MHT,141.0,843.0
ORD,MIA,193.0,1197.0
ORD,MKE,61.0,67.0
ORD,MLI,70.0,139.0
ORD,MQT,89.0,303.0
ORD,MSN,65.0,108.0
ORD,MSO,222.0,1332.0
ORD,MSP,96.0,334.0
ORD,MSY,151.0,837.0
ORD,MTJ,208.0,1081.0
ORD,MVY,152.5,894.0
ORD,MYR,135.0,753.0
ORD,OGG,553.0,4184.0
ORD,OKC,148.0,693.0
ORD,OMA,101.0,416.0
ORD,ONT,271.0,1700.0
ORD,ORF,139.0,717.0
ORD,PBI,185.5,1144.0
ORD,PDX,273.0,1739.0
ORD,PHL,125.0,678.0
ORD,PHX,238.0,1440.0
ORD,PIA,68.0,130.0
ORD,PIT,98.0,413.0
ORD,PLN,83.0,293.0
ORD,PNS,146.0,794.0
ORD,PSP,271.0,1651.0
ORD,PVD,148.0,849.0
ORD,PWM,152.0,900.0
ORD,RAP,148.5,780.0
ORD,RDU,127.0,646.0
ORD,RHI,82.0,264.0
ORD,RIC,130.0,642.0
ORD,RNO,267.0,1671.0
ORD,ROA,121.0,530.0
ORD,ROC,109.0,528.0
ORD,RST,84.0,268.0
ORD,RSW,182.0,1120.0
ORD,SAF,206.0,1072.0
ORD,SAN,269.0,1723.0
ORD,SAT,186.0,1041.0
ORD,SAV,144.0,773.0
ORD,SBN,61.0,84.0
ORD,SCE,115.5,528.0
ORD,SDF,91.0,286.0
ORD,SEA,280.0,1721.0
ORD,SFO,290.0,1846.0
ORD,SGF,108.0,438.0
ORD,SJC,291.0,1829.0
ORD,SJU,281.0,2072.0
ORD,SLC,215.0,1250.0
ORD,SLN,125.0,559.0
ORD,SMF,281.0,1781.0
ORD,SNA,272.0,1726.0
ORD,SPI,65.0,174.0
ORD,SRQ,176.0,1050.0
ORD,STL,84.0,258.0
ORD,STT,288.0,2116.0
ORD,SUN,253.0,1341.0
ORD,SUX,112.0,436.0
ORD,SYR,116.0,607.0
ORD,TPA,169.0,1012.0
ORD,TUL,128.0,585.0
ORD,TUS,241.0,1437.0
ORD,TVC,76.0,224.0
ORD,TYS,106.0,475.0
ORD,VPS,138.0,796.0
ORD,XNA,117.0,522.0
ORF,ATL,118.0,516.0
ORF,BNA,120.0,585.0
ORF,BOS,101.0,468.0
ORF,BWI,60.0,159.0
ORF,CLT,91.0,290.0
ORF,DAL,200.0,1203.0
ORF,DCA,66.0,142.0
ORF,DEN,240.0,1553.0
ORF,DFW,210.0,1212.0
ORF,DTW,119.0,529.0
ORF,EWR,100.0,284.0
ORF,FLL,147.0,781.0
ORF,IAD,66.5,158.0
ORF,IAH,222.0,1201.0
ORF,JAX,105.0,542.0
ORF,JFK,85.0,290.0
ORF,LGA,90.0,296.0
ORF,MCO,130.0,655.0
ORF,MDW,130.0,704.0
ORF,MIA,146.0,802.0
ORF,MSP,195.0,1045.0
ORF,ORD,150.0,717.0
ORF,PHL,71.0,212.0
ORF,PIE,129.0,726.0
ORF,SFB,121.0,631.0
ORF,STL,135.0,785.0
ORH,FLL,200.0,1211.0
ORH,JFK,77.5,150.0
ORH,MCO,190.0,1091.0
ORH,RSW,201.0,1220.0
OTH,DEN,172.0,1040.0
OTH,SFO,94.0,412.0
OTZ,ANC,91.0,548.0
PAE,DEN,166.5,1036.0
PAE,HNL,390.0,2694.0
PAE,LAS,153.0,894.0
PAE,PHX,172.0,1133.0
PBG,FLL,210.5,1334.0
PBG,MYR,140.0,811.0
PBG,PGD,213.0,1311.0
PBG,PIE,208.5,1262.0
PBG,SFB,190.0,1175.0
PBG,SRQ,212.5,1292.0
PBI,ACY,150.0,936.0
PBI,ATL,114.0,545.0
PBI,AVL,112.5,620.0
PBI,BDL,174.0,1133.0
PBI,BNA,135.0,757.0
PBI,BOS,190.0,1197.0
PBI,BUF,176.0,1123.0
PBI,BWI,145.0,883.0
PBI,CLE,172.0,1020.0
PBI,CLT,122.0,590.0
PBI,CVG,148.0,892.0
PBI,DCA,145.0,857.0
PBI,DEN,280.0,1679.0
PBI,DFW,200.5,1102.0
PBI,DTW,179.0,1086.0
PBI,EWR,175.0,1023.0
PBI,GRR,185.0,1158.0
PBI,HPN,172.0,1056.0
PBI,IAD,154.0,859.0
PBI,IAH,183.0,956.0
PBI,ISP,163.0,1052.0
PBI,JFK,168.0,1028.0
PBI,LAX,354.0,2330.0
PBI,LGA,169.0,1035.0
PBI,MCO,60.0,141.0
PBI,MSP,237.0,1451.0
PBI,ORD,202.0,1144.0
PBI,PHL,161.0,951.0
PBI,PIT,155.0,952.0
PBI,PVD,174.0,1148.0
PBI,STL,175.0,1023.0
PBI,TTN,167.5,985.0
PDX,ANC,231.0,1542.0
PDX,ATL,279.0,2172.0
PDX,ATW,230.0,1662.0
PDX,AUS,239.0,1715.0
PDX,AZA,155.0,1028.0
PDX,BNA,259.0,1973.0
PDX,BOI,74.0,344.0
PDX,BOS,325.0,2537.0
PDX,BUR,139.0,817.0
PDX,BWI,300.0,2358.0
PDX,BZN,102.0,554.0
PDX,CLT,294.0,2282.0
PDX,CVG,247.0,1975.0
PDX,DAL,217.5,1626.0
PDX,DCA,298.0,2350.0
PDX,DEN,152.0,991.0
PDX,DFW,226.0,1616.0
PDX,DSM,199.5,1471.0
PDX,DTW,252.5,1953.0
PDX,EUG,54.0,105.0
PDX,EWR,315.0,2434.0
PDX,FAT,116.0,626.0
PDX,FLL,351.0,2694.0
PDX,GEG,69.0,279.0
PDX,GRR,240.0,1833.0
PDX,HNL,364.0,2603.0
PDX,IAD,299.0,2327.0
PDX,IAH,252.0,1825.0
PDX,IDA,98.0,539.0
PDX,IND,242.0,1877.0
PDX,JFK,325.0,2454.0
PDX,KOA,373.0,2607.0
PDX,LAS,133.0,763.0
PDX,LAX,148.0,833.0
PDX,LIH,378.0,2631.0
PDX,MCI,203.0,1482.0
PDX,MCO,330.0,2535.0
PDX,MDW,235.0,1751.0
PDX,MFR,63.0,222.0
PDX,MIA,345.0,2700.0
PDX,MSP,199.0,1426.0
PDX,MSY,265.0,2050.0
PDX,OAK,105.0,543.0
PDX,OGG,358.0,2561.0
PDX,ONT,141.0,838.0
PDX,ORD,245.0,1739.0
PDX,PHL,303.0,2406.0
PDX,PHX,155.0,1009.0
PDX,PSP,148.0,873.0
PDX,PVU,110.5,664.0
PDX,RDM,50.0,116.0
PDX,RNO,93.0,444.0
PDX,SAN,151.0,933.0
PDX,SBP,129.0,722.0
PDX,SEA,67.0,129.0
PDX,SFO,113.0,550.0
PDX,SJC,109.0,569.0
PDX,SLC,113.0,630.0
PDX,SMF,90.0,479.0
PDX,SNA,149.0,859.0
PDX,STL,220.0,1708.0
PDX,STS,102.0,489.0
PDX,TPA,313.0,2497.0
PDX,TUS,171.0,1119.0
PGD,ABE,162.0,1018.0
PGD,ALB,174.5,1185.0
PGD,ATW,192.0,1250.0
PGD,AVL,104.0,588.0
PGD,BGR,200.0,1433.0
PGD,BLV,148.5,921.0
PGD,BNA,122.0,692.0
PGD,CAK,150.5,965.0
PGD,CHA,113.0,591.0
PGD,CID,180.0,1170.0
PGD,CVG,142.0,850.0
PGD,DAY,145.0,904.0
PGD,DSM,185.0,1206.0
PGD,ELM,171.0,1090.0
PGD,FNT,176.0,1111.0
PGD,FSD,221.0,1415.0
PGD,FWA,157.5,986.0
PGD,GRR,172.0,1118.0
PGD,HTS,123.0,790.0
PGD,IAD,148.0,869.0
PGD,IAG,169.5,1129.0
PGD,IND,147.0,916.0
PGD,LCK,140.0,890.0
PGD,LEX,130.0,781.0
PGD,MCI,180.0,1126.0
PGD,MDT,152.5,963.0
PGD,MDW,173.0,1076.0
PGD,MLI,174.0,1113.0
PGD,OMA,206.5,1269.0
PGD,PBG,197.5,1311.0
PGD,PIA,165.5,1045.0
PGD,PIT,149.0,941.0
PGD,PSM,185.0,1279.0
PGD,PVD,174.0,1184.0
PGD,RFD,177.5,1127.0
PGD,ROC,174.5,1143.0
PGD,SAV,90.0,362.0
PGD,SBN,168.5,1049.0
PGD,SDF,134.5,806.0
PGD,SGF,161.0,975.0
PGD,SPI,168.0,994.0
PGD,STC,225.0,1447.0
PGD,SWF,174.0,1101.0
PGD,SYR,176.0,1164.0
PGD,TOL,158.0,1016.0
PGD,TVC,186.0,1245.0
PGD,TYS,110.5,624.0
PGD,USA,107.0,588.0
PHL,ACK,85.0,288.0
PHL,ATL,137.0,666.0
PHL,AUS,239.0,1431.0
PHL,BDL,70.0,195.0
PHL,BGR,104.0,473.0
PHL,BHM,155.0,772.0
PHL,BNA,135.0,675.0
PHL,BOS,85.0,280.0
PHL,BTV,88.0,335.0
PHL,BUF,86.0,279.0
PHL,CHS,115.0,550.0
PHL,CLE,96.0,363.0
PHL,CLT,111.0,449.0
PHL,CMH,103.0,406.5
PHL,CVG,117.0,507.0
PHL,DAL,205.0,1295.0
PHL,DAY,112.0,477.0
PHL,DCA,68.0,119.0
PHL,DEN,255.0,1558.0
PHL,DFW,225.0,1303.0
PHL,DSM,178.0,973.0
PHL,DTW,109.0,453.0
PHL,ECP,157.0,886.0
PHL,EYW,199.0,1121.0
PHL,FLL,173.0,993.0
PHL,GRR,129.0,573.0
PHL,GSO,97.0,365.0
PHL,GSP,112.0,515.0
PHL,HHH,125.0,609.0
PHL,HYA,75.0,288.0
PHL,IAD,67.0,135.0
PHL,IAH,226.0,1325.0
PHL,ILM,105.0,414.0
PHL,IND,127.0,588.0
PHL,JAX,142.5,742.0
PHL,LAS,329.0,2176.0
PHL,LAX,355.0,2402.0
PHL,LEX,114.0,520.0
PHL,LGA,60.0,96.0
PHL,MCI,189.0,1038.0
PHL,MCO,161.0,861.0
PHL,MDW,130.0,668.0
PHL,MEM,165.0,875.0
PHL,MHT,93.0,289.0
PHL,MIA,175.0,1013.0
PHL,MKE,138.0,690.0
PHL,MSN,153.0,764.0
PHL,MSP,176.0,980.0
PHL,MSY,187.5,1089.0
PHL,MVY,91.5,265.0
PHL,MYR,105.0,473.0
PHL,OMA,193.0,1089.0
PHL,ORD,148.0,678.0
PHL,ORF,72.0,212.0
PHL,PBI,167.0,951.0
PHL,PDX,360.0,2406.0
PHL,PHX,315.0,2075.0
PHL,PIT,81.0,268.0
PHL,PNS,169.0,935.0
PHL,PVD,74.0,237.0
PHL,PWM,88.0,364.0
PHL,RDU,89.0,337.0
PHL,RIC,69.0,198.0
PHL,RSW,177.0,993.0
PHL,SAN,346.0,2370.0
PHL,SAT,226.0,1496.0
PHL,SAV,129.0,630.0
PHL,SDF,136.0,577.0
PHL,SEA,367.0,2379.0
PHL,SFO,379.0,2522.0
PHL,SJU,231.5,1576.0
PHL,SLC,294.0,1927.0
PHL,SRQ,177.0,957.0
PHL,STL,150.0,814.0
PHL,STT,235.0,1605.0
PHL,SYR,86.0,228.0
PHL,TPA,166.0,920.0
PHL,TVC,127.0,627.0
PHL,TYS,128.0,555.0
PHL,VPS,166.0,908.0
PHL,XNA,191.0,1066.0
PHX,ABQ,70.0,328.0
PHX,ANC,358.0,2552.0
PHX,ASE,137.0,491.0
PHX,ATL,215.0,1587.0
PHX,AUS,135.0,872.0
PHX,AVL,215.5,1683.0
PHX,BFL,96.0,425.0
PHX,BHM,195.0,1455.0
PHX,BIL,136.0,873.0
PHX,BNA,199.0,1449.0
PHX,BOI,132.0,735.0
PHX,BOS,293.0,2300.0
PHX,BUF,245.0,1912.0
PHX,BUR,90.0,369.0
PHX,BWI,260.0,1999.0
PHX,CID,188.0,1252.0
PHX,CLD,84.0,306.0
PHX,CLE,230.0,1737.0
PHX,CLT,241.5,1773.0
PHX,CMH,224.0,1670.0
PHX,COS,100.0,551.0
PHX,CVG,218.0,1569.0
PHX,DAL,140.0,879.0
PHX,DCA,255.0,1979.0
PHX,DEN,111.0,602.0
PHX,DFW,146.0,868.0
PHX,DRO,86.0,351.5
PHX,DSM,170.0,1149.5
PHX,DTW,226.0,1671.0
PHX,EGE,120.0,513.0
PHX,ELP,75.0,347.0
PHX,EUG,161.0,952.0
PHX,EWR,284.0,2133.0
PHX,FAR,187.0,1225.0
PHX,FAT,107.0,493.0
PHX,FLG,56.0,119.0
PHX,FLL,248.0,1972.0
PHX,FSD,180.5,1081.0
PHX,GEG,165.0,1020.0
PHX,GJT,92.0,438.0
PHX,GRR,211.0,1574.0
PHX,HNL,405.0,2917.0
PHX,HOU,145.0,1020.0
PHX,IAD,255.0,1956.0
PHX,IAH,158.0,1009.0
PHX,ICT,136.5,870.0
PHX,IDA,128.0,695.5
PHX,IND,200.0,1488.0
PHX,JAX,236.0,1785.0
PHX,JFK,290.0,2153.0
PHX,KOA,397.0,2860.0
PHX,LAS,71.0,255.0
PHX,LAX,90.0,370.0
PHX,LBB,107.0,588.0
PHX,LGB,80.0,355.0
PHX,LIH,404.0,2979.0
PHX,LIT,170.0,1136.0
PHX,MAF,106.0,581.0
PHX,MCI,150.0,1044.0
PHX,MCO,245.0,1849.0
PHX,MDW,200.0,1444.0
PHX,MEM,180.0,1264.0
PHX,MFR,157.0,854.0
PHX,MIA,256.0,1972.0
PHX,MKE,200.0,1460.0
PHX,MRY,120.0,598.0
PHX,MSN,196.5,1396.0
PHX,MSP,185.0,1276.0
PHX,MSY,177.0,1300.0
PHX,OAK,120.0,646.0
PHX,OGG,386.0,2845.0
PHX,OKC,130.0,833.0
PHX,OMA,150.0,1037.0
PHX,ONT,75.0,325.0
PHX,ORD,213.0,1440.0
PHX,PAE,190.0,1133.0
PHX,PDX,166.5,1009.0
PHX,PHL,268.0,2075.0
PHX,PIT,238.0,1814.0
PHX,PSC,171.0,962.0
PHX,PSP,72.0,261.0
PHX,PVU,106.0,468.0
PHX,RDM,155.0,893.0
PHX,RDU,249.0,1891.0
PHX,RNO,112.0,601.0
PHX,RSW,254.0,1868.0
PHX,SAF,83.0,370.0
PHX,SAN,75.0,304.0
PHX,SAT,126.0,843.0
PHX,SBA,96.0,455.0
PHX,SBP,106.0,509.0
PHX,SCK,105.0,603.0
PHX,SDF,195.0,1506.0
PHX,SEA,191.0,1107.0
PHX,SFO,128.0,651.0
PHX,SGU,82.0,262.0
PHX,SJC,120.0,621.0
PHX,SLC,100.0,507.0
PHX,SMF,125.0,647.0
PHX,SMX,115.5,494.0
PHX,SNA,80.0,338.0
PHX,STL,175.0,1262.0
PHX,STS,135.0,699.0
PHX,SUN,141.0,705.0
PHX,TPA,235.0,1788.0
PHX,TUL,142.0,935.0
PHX,TUS,52.0,110.0
PHX,TYS,210.0,1599.0
PHX,XNA,160.0,1023.0
PHX,YUM,60.0,160.0
PIA,AZA,204.0,1312.0
PIA,BNA,75.0,353.0
PIA,CLT,128.0,607.0
PIA,DEN,151.0,793.0
PIA,DFW,143.0,672.0
PIA,LAS,219.0,1413.0
PIA,ORD,70.0,130.0
PIA,PGD,159.0,1045.0
PIA,PIE,140.5,965.0
PIA,SFB,144.0,949.0
PIA,SRQ,150.0,1001.0
PIA,VPS,121.0,724.0
PIB,IAH,98.0,372.0
PIE,ABE,153.0,970.0
PIE,ALB,169.0,1138.0
PIE,ATW,180.0,1173.0
PIE,AVL,96.0,519.0
PIE,BGR,193.0,1394.0
PIE,BIS,260.0,1629.0
PIE,BLV,137.0,841.0
PIE,BMI,148.5,936.0
PIE,BNA,116.0,612.0
PIE,CAK,137.0,899.0
PIE,CHA,93.5,513.0
PIE,CID,171.0,1090.0
PIE,CKB,124.0,798.0
PIE,COS,245.0,1472.0
PIE,CVG,132.0,776.0
PIE,DAY,133.5,831.0
PIE,DSM,173.0,1126.0
PIE,ELM,155.0,1035.0
PIE,EVV,129.5,752.0
PIE,EYW,62.0,238.0
PIE,FAR,229.0,1519.0
PIE,FNT,164.0,1040.0
PIE,FSD,210.0,1334.0
PIE,FWA,143.0,912.0
PIE,GRR,158.0,1044.0
PIE,GSP,88.0,482.0
PIE,HGR,135.0,861.0
PIE,HTS,116.0,721.0
PIE,IAG,159.0,1069.0
PIE,IND,137.0,840.0
PIE,LCK,132.0,821.0
PIE,LEX,119.0,707.0
PIE,LIT,126.0,734.0
PIE,MCI,174.0,1045.0
PIE,MDT,144.0,912.0
PIE,MEM,117.5,653.0
PIE,MFE,172.0,966.0
PIE,MLI,159.0,1033.0
PIE,OMA,187.0,1188.0
PIE,PBG,183.0,1262.0
PIE,PIA,157.0,965.0
PIE,PIT,139.0,878.0
PIE,PSM,185.0,1239.0
PIE,RFD,162.0,1049.0
PIE,RIC,121.0,731.5
PIE,ROA,115.5,668.0
PIE,SAV,83.0,304.0
PIE,SBN,149.0,973.0
PIE,SDF,125.0,729.0
PIE,SGF,149.0,895.0
PIE,SWF,172.0,1055.0
PIE,SYR,164.0,1111.0
PIE,TOL,146.5,945.0
PIE,TRI,102.5,590.0
PIE,TUL,151.0,961.0
PIE,TVC,174.0,1172.0
PIE,TYS,99.0,550.0
PIE,USA,98.0,528.0
PIE,XNA,149.0,892.0
PIH,SLC,60.0,150.0
PIR,DEN,98.0,385.0
PIT,ATL,111.0,526.0
PIT,AUS,200.0,1210.0
PIT,BNA,100.0,462.0
PIT,BOS,105.0,496.0
PIT,BWI,70.0,210.0
PIT,CLT,95.0,366.0
PIT,DAL,175.0,1060.0
PIT,DCA,72.0,204.0
PIT,DEN,212.0,1290.0
PIT,DFW,189.0,1067.0
PIT,DTW,70.0,201.0
PIT,EWR,89.0,319.0
PIT,EYW,167.0,1102.0
PIT,FLL,164.0,994.0
PIT,HOU,190.0,1131.0
PIT,IAD,71.0,182.0
PIT,IAH,198.0,1117.0
PIT,JAX,116.0,694.0
PIT,JFK,98.0,340.0
PIT,LAS,285.0,1910.0
PIT,LAX,315.5,2136.0
PIT,LGA,87.0,335.0
PIT,MCO,145.0,834.0
PIT,MDW,90.0,402.0
PIT,MIA,168.0,1013.0
PIT,MLB,135.0,854.0
PIT,MSP,145.5,726.0
PIT,MYR,87.0,475.0
PIT,ORD,108.0,413.0
PIT,PBI,148.0,952.0
PIT,PGD,153.0,941.0
PIT,PHL,75.0,268.0
PIT,PHX,274.0,1814.0
PIT,PIE,142.0,878.0
PIT,RDU,81.0,328.0
PIT,RSW,158.0,966.0
PIT,SAV,104.0,579.0
PIT,SEA,323.0,2125.0
PIT,SFB,129.0,809.0
PIT,SFO,337.0,2254.0
PIT,SLC,264.0,1660.0
PIT,SRQ,150.0,912.0
PIT,STL,105.0,554.0
PIT,TPA,145.0,873.0
PIT,VPS,132.0,775.0
PLN,DTW,72.0,243.0
PLN,ORD,82.5,293.0
PNS,ATL,75.0,272.0
PNS,AUS,115.0,626.0
PNS,BNA,90.0,391.0
PNS,CLT,108.0,488.0
PNS,DAL,115.0,592.0
PNS,DCA,141.0,816.0
PNS,DEN,204.0,1179.0
PNS,DFW,129.0,604.0
PNS,DTW,143.0,837.0
PNS,FLL,106.0,525.0
PNS,HOU,102.5,488.0
PNS,IAH,109.0,489.0
PNS,MCI,125.0,743.0
PNS,MCO,94.0,381.0
PNS,MDW,135.0,781.0
PNS,MIA,104.0,530.0
PNS,ORD,159.0,794.0
PNS,PHL,154.0,935.0
PNS,STL,110.0,598.0
PPG,HNL,330.0,2599.0
PQI,BOS,97.0,332.0
PRC,DEN,115.0,558.0
PRC,LAX,91.0,346.0
PSC,AZA,151.0,977.0
PSC,BUR,172.0,833.0
PSC,DEN,152.0,852.0
PSC,LAS,132.0,732.0
PSC,LAX,165.0,851.0
PSC,MSP,181.0,1254.0
PSC,PHX,165.0,962.0
PSC,SEA,73.0,172.0
PSC,SFO,131.0,620.0
PSC,SLC,104.0,521.0
PSE,JFK,240.0,1617.0
PSE,MCO,191.0,1178.0
PSG,JNU,48.0,123.0
PSG,WRG,26.5,31.0
PSM,PGD,217.0,1279.0
PSM,PIE,200.5,1239.0
PSM,SFB,192.0,1144.0
PSM,SRQ,206.0,1266.0
PSP,ATL,243.0,1840.0
PSP,BLI,180.0,1078.0
PSP,BOI,118.0,672.0
PSP,DEN,131.0,776.0
PSP,DFW,174.0,1126.0
PSP,IAD,279.0,2188.0
PSP,IAH,193.0,1269.0
PSP,JFK,316.0,2378.0
PSP,LAS,65.0,173.0
PSP,LAX,64.0,110.0
PSP,MDW,227.5,1657.0
PSP,MSP,204.0,1454.0
PSP,OAK,87.5,418.0
PSP,ORD,238.0,1651.0
PSP,PDX,156.0,873.0
PSP,PHX,75.0,261.0
PSP,SEA,177.5,987.0
PSP,SFO,102.0,421.0
PSP,SJC,87.5,390.0
PSP,SLC,108.0,541.0
PSP,SMF,95.0,439.0
PSP,STS,110.0,478.0
PVD,ATL,167.0,903.0
PVD,BNA,155.0,906.0
PVD,BWI,85.0,327.0
PVD,CLT,137.0,683.5
PVD,DCA,96.0,356.0
PVD,DEN,270.0,1737.0
PVD,DTW,129.0,615.0
PVD,FLL,195.0,1188.0
PVD,IAD,100.0,371.0
PVD,JFK,62.5,144.0
PVD,MCO,185.0,1072.0
PVD,MDW,150.0,842.0
PVD,MSP,183.0,1117.0
PVD,ORD,177.0,849.0
PVD,PBI,189.0,1148.0
PVD,PGD,201.0,1184.0
PVD,PHL,81.0,237.0
PVD,RSW,205.5,1200.0
PVD,SJU,228.0,1636.0
PVD,TPA,190.0,1136.0
PVU,AZA,102.0,477.0
PVU,BNA,204.0,1388.0
PVU,DFW,163.0,958.0
PVU,HOU,180.0,1181.0
PVU,MDW,190.0,1254.0
PVU,PDX,124.0,664.0
PVU,PHX,103.0,468.0
PVU,SAN,127.0,599.0
PVU,SFB,258.0,1898.0
PVU,SNA,111.0,565.0
PWM,ATL,180.5,1027.0
PWM,BNA,165.0,1010.0
PWM,BWI,95.0,452.0
PWM,CLT,153.0,813.0
PWM,DCA,110.0,482.0
PWM,DEN,278.0,1782.0
PWM,DFW,252.0,1622.0
PWM,DTW,130.0,668.0
PWM,EWR,94.0,284.0
PWM,IAD,115.0,493.0
PWM,JFK,84.0,273.0
PWM,LGA,88.0,269.0
PWM,MCO,211.0,1214.0
PWM,MDW,155.0,895.0
PWM,MSP,186.0,1136.0
PWM,ORD,177.0,900.0
PWM,PHL,99.0,364.0
PWM,TPA,216.0,1277.0
RAP,ATL,182.0,1230.5
RAP,AZA,143.0,873.0
RAP,CLT,204.0,1322.0
RAP,DEN,94.0,300.0
RAP,DFW,142.0,835.0
RAP,LAS,140.0,843.0
RAP,LAX,186.0,1078.0
RAP,MSP,101.0,489.0
RAP,ORD,142.0,779.0
RAP,SFB,230.0,1599.0
RDD,DEN,148.5,932.0
RDD,LAX,109.0,501.0
RDD,SEA,106.0,479.0
RDD,SFO,71.0,199.0
RDM,BUR,153.0,709.0
RDM,DEN,147.0,898.0
RDM,DFW,213.0,1514.0
RDM,LAX,141.0,726.0
RDM,PDX,59.0,116.0
RDM,PHX,148.0,893.0
RDM,SAN,143.5,823.0
RDM,SEA,82.0,228.0
RDM,SFO,108.0,462.0
RDM,SLC,108.0,525.0
RDU,ATL,93.0,356.0
RDU,AUS,200.0,1162.0
RDU,BNA,103.0,442.0
RDU,BOS,123.0,612.0
RDU,BUF,102.5,487.0
RDU,BWI,70.0,256.0
RDU,CLE,104.0,416.0
RDU,CLT,71.0,130.0
RDU,CVG,105.0,390.0
RDU,DAL,170.0,1052.0
RDU,DCA,76.0,227.0
RDU,DEN,236.5,1436.0
RDU,DFW,195.0,1061.0
RDU,DTW,111.0,501.0
RDU,EWR,100.0,416.0
RDU,FLL,127.0,680.0
RDU,HOU,180.0,1050.0
RDU,IAD,72.0,225.0
RDU,IAH,188.0,1042.0
RDU,IND,111.5,489.0
RDU,JFK,105.0,427.0
RDU,LAS,305.0,2026.0
RDU,LAX,334.0,2239.0
RDU,LGA,99.0,431.0
RDU,MCI,150.0,904.0
RDU,MCO,111.0,534.0
RDU,MDW,120.0,632.0
RDU,MIA,131.0,700.0
RDU,MSP,172.0,980.0
RDU,MSY,131.0,779.0
RDU,ORD,146.0,646.0
RDU,PHL,88.5,337.0
RDU,PHX,295.0,1891.0
RDU,PIT,86.0,328.0
RDU,SEA,355.0,2354.0
RDU,SFO,365.0,2400.0
RDU,SJU,206.0,1433.0
RDU,SLC,281.0,1823.5
RDU,STL,130.0,668.0
RDU,SYR,111.0,519.0
RDU,TPA,115.0,587.0
RFD,AZA,212.0,1373.0
RFD,BNA,89.0,438.0
RFD,LAS,213.0,1455.0
RFD,PGD,169.0,1127.0
RFD,PIE,156.0,1049.0
RFD,SFB,153.0,1025.0
RFD,SRQ,161.0,1085.0
RHI,MSP,70.0,190.0
RHI,ORD,77.0,264.0
RIC,ATL,110.0,481.0
RIC,BNA,110.0,527.0
RIC,BOS,104.0,474.0
RIC,BWI,55.0,121.0
RIC,CLT,85.0,257.0
RIC,DEN,240.0,1481.0
RIC,DFW,211.0,1158.0
RIC,DTW,114.0,456.0
RIC,EWR,93.5,277.0
RIC,FLL,148.0,805.0
RIC,IAD,61.0,100.0
RIC,JFK,91.0,288.0
RIC,LGA,79.0,291.0
RIC,MCO,131.5,667.0
RIC,MDW,120.0,629.0
RIC,MIA,146.5,826.0
RIC,MSP,186.0,969.0
RIC,ORD,141.0,642.0
RIC,PGD,144.0,779.0
RIC,PHL,67.0,198.0
RIC,PIE,132.0,732.0
RIC,SFB,133.0,643.0
RIW,DEN,84.0,296.0
RKS,DEN,74.0,260.0
RNO,ATL,261.0,1993.0
RNO,AUS,205.0,1405.0
RNO,BUR,80.0,374.0
RNO,DAL,192.5,1356.0
RNO,DEN,136.0,804.0
RNO,DFW,198.0,1345.0
RNO,IAH,221.0,1530.0
RNO,JFK,310.0,2411.0
RNO,LAS,85.0,345.0
RNO,LAX,104.0,391.0
RNO,LGB,90.0,402.0
RNO,MDW,230.0,1680.0
RNO,MSP,190.0,1405.0
RNO,OAK,65.0,181.0
RNO,ORD,238.0,1671.0
RNO,PDX,99.0,444.0
RNO,PHX,110.0,601.0
RNO,SAN,95.0,488.0
RNO,SEA,124.0,564.0
RNO,SFO,83.0,192.0
RNO,SJC,70.0,188.0
RNO,SLC,92.0,422.0
ROA,ATL,90.0,357.0
ROA,LGA,104.0,405.0
ROA,ORD,128.0,530.0
ROA,PIE,116.0,668.0
ROA,SFB,108.0,594.0
ROA,SRQ,123.0,701.0
ROC,ATL,138.0,749.0
ROC,BWI,75.0,277.0
ROC,CLT,124.0,573.0
ROC,DCA,85.0,296.0
ROC,DTW,86.5,296.0
ROC,EWR,79.0,246.0
ROC,FLL,184.0,1183.0
ROC,IAD,84.0,287.0
ROC,JFK,84.0,264.0
ROC,LAS,305.0,2040.0
ROC,LGA,78.5,254.0
ROC,MCO,173.0,1033.0
ROC,MDW,110.0,523.0
ROC,MIA,208.0,1203.0
ROC,MYR,113.0,655.0
ROC,ORD,128.0,528.0
ROC,PGD,180.0,1143.0
ROC,TPA,172.5,1079.0
ROW,DFW,98.0,435.0
RST,MSP,58.0,76.0
RST,ORD,86.0,268.0
RSW,ABE,167.0,1038.0
RSW,ACY,150.0,982.0
RSW,ATL,109.0,515.0
RSW,ATW,199.0,1279.0
RSW,BDL,176.0,1180.0
RSW,BNA,130.0,722.0
RSW,BOS,192.0,1249.0
RSW,BUF,180.0,1144.0
RSW,BWI,145.0,919.0
RSW,CLE,170.0,1025.0
RSW,CLT,122.0,600.0
RSW,CMH,145.0,930.0
RSW,CVG,148.0,879.0
RSW,DAL,175.0,1005.0
RSW,DCA,147.0,892.0
RSW,DEN,260.0,1607.0
RSW,DFW,187.5,1017.0
RSW,DSM,199.0,1236.0
RSW,DTW,175.0,1084.0
RSW,EWR,175.0,1068.0
RSW,GRR,185.0,1147.0
RSW,HOU,145.0,852.0
RSW,HPN,178.0,1102.0
RSW,IAD,147.5,891.0
RSW,IAH,164.0,861.0
RSW,IND,155.0,945.0
RSW,ISP,180.0,1101.0
RSW,JFK,172.0,1074.0
RSW,LAX,346.0,2238.0
RSW,LGA,169.0,1080.0
RSW,MCI,190.0,1155.0
RSW,MCO,55.0,133.0
RSW,MDW,180.0,1105.0
RSW,MHT,190.0,1271.0
RSW,MKE,185.0,1183.0
RSW,MSP,220.0,1416.0
RSW,ORD,196.0,1120.0
RSW,ORH,180.0,1220.0
RSW,PHL,164.0,993.0
RSW,PHX,292.5,1868.0
RSW,PIT,150.0,966.0
RSW,PVD,175.0,1200.0
RSW,SDF,145.0,835.0
RSW,SEA,397.5,2623.0
RSW,SFO,383.0,2481.0
RSW,SLC,304.0,1985.0
RSW,STL,160.0,979.0
RSW,TTN,169.0,1028.0
SAF,DEN,91.0,303.0
SAF,DFW,111.0,551.0
SAF,IAH,123.0,735.0
SAF,LAX,135.0,710.0
SAF,PHX,90.5,370.0
SAN,ABQ,110.0,628.0
SAN,ANC,348.0,2452.0
SAN,ATL,258.0,1892.0
SAN,AUS,175.0,1164.0
SAN,BLI,178.0,1142.0
SAN,BNA,240.0,1751.0
SAN,BOI,140.0,749.0
SAN,BOS,345.0,2588.0
SAN,BWI,300.0,2295.0
SAN,BZN,170.0,956.0
SAN,CLT,284.0,2077.0
SAN,CMH,260.0,1964.0
SAN,COS,140.0,816.0
SAN,DAL,180.0,1182.0
SAN,DCA,317.0,2276.0
SAN,DEN,146.0,853.0
SAN,DFW,188.0,1171.0
SAN,DSM,215.0,1428.0
SAN,DTW,262.0,1956.0
SAN,EGE,153.0,745.0
SAN,ELP,110.0,636.0
SAN,EUG,154.0,850.0
SAN,EWR,323.0,2425.0
SAN,FAT,84.0,314.0
SAN,FCA,183.0,1086.0
SAN,FLL,289.5,2269.0
SAN,GEG,171.0,1027.0
SAN,HDN,146.0,769.0
SAN,HNL,375.0,2614.0
SAN,HOU,190.0,1313.0
SAN,IAD,302.0,2253.0
SAN,IAH,193.0,1303.0
SAN,IND,240.0,1782.0
SAN,JAC,154.0,828.0
SAN,JFK,333.0,2446.0
SAN,KOA,365.0,2556.0
SAN,LAS,85.0,258.0
SAN,LAX,71.0,109.0
SAN,LIH,376.0,2676.0
SAN,MCI,190.0,1334.0
SAN,MCO,291.0,2149.0
SAN,MDW,240.0,1728.0
SAN,MFR,130.0,734.0
SAN,MIA,289.0,2267.0
SAN,MKE,240.0,1739.0
SAN,MRY,89.0,375.0
SAN,MSP,225.0,1532.0
SAN,MSY,205.0,1599.0
SAN,OAK,95.0,446.0
SAN,OGG,367.0,2541.0
SAN,OMA,190.0,1313.0
SAN,ORD,253.0,1723.0
SAN,PDX,162.0,933.0
SAN,PHL,313.0,2370.0
SAN,PHX,85.0,304.0
SAN,PIT,285.0,2106.0
SAN,PVU,116.0,599.0
SAN,RDM,151.0,823.0
SAN,RNO,100.0,488.0
SAN,SAT,165.0,1129.0
SAN,SBP,77.0,263.0
SAN,SEA,188.0,1050.0
SAN,SFO,102.0,447.0
SAN,SJC,90.0,417.0
SAN,SLC,121.5,626.0
SAN,SMF,105.0,480.0
SAN,STL,215.0,1557.0
SAN,STS,115.0,508.0
SAN,TPA,275.5,2087.0
SAN,TUS,85.0,368.0
SAT,ATL,140.0,874.0
SAT,BNA,130.0,822.0
SAT,BOS,254.0,1764.0
SAT,BUR,195.0,1211.0
SAT,BWI,200.0,1407.0
SAT,CLT,171.5,1095.0
SAT,COS,130.0,732.0
SAT,DAL,70.0,247.0
SAT,DCA,194.5,1380.0
SAT,DEN,140.0,794.0
SAT,DFW,76.0,247.0
SAT,DTW,183.0,1214.0
SAT,ELP,95.0,496.0
SAT,EWR,227.0,1569.0
SAT,FLL,166.0,1145.0
SAT,HOU,60.0,192.0
SAT,IAD,199.0,1362.0
SAT,IAH,66.0,191.0
SAT,JFK,232.0,1587.0
SAT,LAS,177.0,1069.0
SAT,LAX,200.0,1211.0
SAT,MCI,115.0,706.0
SAT,MCO,160.0,1041.0
SAT,MDW,155.0,1036.0
SAT,MIA,168.0,1143.0
SAT,MSP,169.0,1097.0
SAT,MSY,85.0,494.5
SAT,OKC,80.0,407.0
SAT,ORD,173.0,1041.0
SAT,PHL,223.0,1496.0
SAT,PHX,153.0,843.0
SAT,SAN,180.0,1129.0
SAT,SEA,268.0,1774.0
SAT,SFO,249.0,1482.0
SAT,SJU,269.5,2181.0
SAT,SLC,179.0,1087.0
SAT,STL,130.0,786.0
SAT,TPA,145.0,972.0
SAV,ATL,72.0,215.0
SAV,ATW,144.0,926.0
SAV,BNA,90.0,417.0
SAV,BOS,154.0,901.0
SAV,BWI,100.0,548.5
SAV,CAK,107.5,606.0
SAV,CLT,83.0,213.0
SAV,CVG,102.0,515.0
SAV,DAL,160.0,915.0
SAV,DCA,109.0,519.0
SAV,DEN,235.0,1414.0
SAV,DFW,178.0,925.0
SAV,DTW,133.0,705.0
SAV,EWR,131.5,708.0
SAV,FLL,99.0,422.0
SAV,GRR,135.0,778.0
SAV,HOU,147.5,853.0
SAV,IAD,104.0,516.0
SAV,IND,108.5,596.0
SAV,JFK,127.0,718.0
SAV,LCK,99.0,539.0
SAV,LGA,131.0,722.0
SAV,MDW,135.0,758.0
SAV,MIA,93.0,440.0
SAV,MSP,181.0,1092.0
SAV,ORD,156.0,773.0
SAV,PGD,86.0,362.0
SAV,PHL,121.0,630.0
SAV,PIT,105.0,579.0
SAV,SDF,97.0,489.0
SAV,STL,125.0,689.0
SBA,ATL,265.5,2022.0
SBA,DEN,147.0,916.0
SBA,DFW,196.0,1316.0
SBA,LAS,75.0,289.0
SBA,LAX,63.0,89.0
SBA,OAK,75.0,263.0
SBA,PHX,96.0,455.0
SBA,SEA,159.0,908.0
SBA,SFO,76.0,262.0
SBA,SLC,121.0,615.0
SBA,SMF,80.0,310.0
SBN,ATL,120.0,566.0
SBN,AZA,231.5,1501.0
SBN,CLT,117.0,534.0
SBN,DFW,158.0,846.0
SBN,DTW,65.5,157.0
SBN,FLL,174.0,1134.0
SBN,IAD,104.5,505.0
SBN,LAS,247.0,1594.0
SBN,LGA,121.0,651.0
SBN,MSP,106.0,411.0
SBN,ORD,68.0,84.0
SBN,PGD,163.0,1049.0
SBN,PIE,146.0,973.0
SBN,SFB,143.0,936.0
SBN,SRQ,154.0,1009.0
SBP,DEN,155.0,931.0
SBP,DFW,202.0,1360.0
SBP,LAS,89.0,314.0
SBP,LAX,75.0,156.0
SBP,PDX,130.0,722.0
SBP,PHX,103.0,509.0
SBP,SAN,74.0,263.0
SBP,SEA,152.0,847.0
SBP,SFO,73.0,191.0
SCC,ANC,104.0,626.0
SCE,ORD,126.0,528.0
SCK,DEN,145.0,902.0
SCK,LAS,81.0,359.0
SCK,PHX,108.0,603.0
SDF,ATL,90.0,321.0
SDF,BNA,55.0,151.0
SDF,BOS,147.0,829.0
SDF,BWI,95.0,495.0
SDF,CLT,95.0,335.0
SDF,DAL,140.0,725.0
SDF,DCA,104.0,474.0
SDF,DEN,179.0,1024.0
SDF,DFW,148.0,733.0
SDF,DTW,86.0,306.0
SDF,EWR,132.0,642.0
SDF,FLL,150.5,895.0
SDF,HOU,150.0,803.0
SDF,IAD,99.0,451.0
SDF,LAS,250.0,1624.0
SDF,LAX,275.0,1843.0
SDF,LGA,131.0,659.0
SDF,MCO,125.0,719.0
SDF,MDW,75.0,271.0
SDF,MIA,157.0,910.0
SDF,MSP,133.5,604.0
SDF,ORD,100.0,286.0
SDF,PGD,136.5,806.0
SDF,PHL,121.0,577.0
SDF,PHX,240.0,1506.0
SDF,PIE,121.0,729.0
SDF,SFB,120.0,698.0
SDF,SRQ,129.5,765.0
SDF,TPA,125.0,727.0
SDF,VPS,101.0,532.0
SEA,ABQ,181.0,1180.0
SEA,ANC,225.0,1448.0
SEA,ATL,289.0,2182.0
SEA,AUS,252.0,1770.0
SEA,BLI,55.0,93.0
SEA,BNA,263.0,1978.0
SEA,BOI,91.0,399.0
SEA,BOS,327.0,2496.0
SEA,BUR,155.0,937.0
SEA,BWI,305.0,2335.0
SEA,BZN,104.0,543.0
SEA,CHS,317.0,2415.0
SEA,CLE,271.0,2021.0
SEA,CLT,306.0,2279.0
SEA,CMH,268.0,2016.0
SEA,CVG,258.0,1965.0
SEA,DAL,239.0,1670.0
SEA,DCA,309.0,2329.0
SEA,DEN,164.0,1024.0
SEA,DFW,237.0,1660.0
SEA,DTW,260.0,1927.0
SEA,EGE,163.0,940.0
SEA,EUG,76.0,234.0
SEA,EWR,319.5,2402.0
SEA,FAI,234.0,1533.0
SEA,FAT,135.5,748.0
SEA,FCA,88.0,379.0
SEA,FLL,352.0,2717.0
SEA,GEG,73.0,224.0
SEA,GTF,95.0,512.0
SEA,HLN,95.0,491.0
SEA,HNL,375.5,2677.0
SEA,HOU,260.0,1894.0
SEA,IAD,300.0,2305.0
SEA,IAH,263.0,1874.0
SEA,IDA,106.0,566.0
SEA,IND,251.0,1866.0
SEA,JAC,122.0,621.0
SEA,JFK,323.0,2422.0
SEA,JNU,154.0,909.0
SEA,KOA,383.0,2688.0
SEA,KTN,129.0,680.0
SEA,LAS,154.0,867.0
SEA,LAX,170.0,954.0
SEA,LIH,378.5,2700.0
SEA,LWS,78.0,261.5
SEA,MCI,209.0,1490.0
SEA,MCO,331.0,2554.0
SEA,MDW,240.0,1733.0
SEA,MFR,91.0,352.0
SEA,MIA,352.5,2724.0
SEA,MKE,231.0,1694.0
SEA,MSO,86.0,389.0
SEA,MSP,202.0,1399.0
SEA,MSY,274.5,2086.0
SEA,OAK,130.0,672.0
SEA,OGG,376.0,2640.0
SEA,OKC,218.0,1519.0
SEA,OMA,197.0,1368.0
SEA,ONT,163.0,956.0
SEA,ORD,248.0,1721.0
SEA,PDX,63.0,129.0
SEA,PHL,310.0,2379.0
SEA,PHX,176.0,1107.0
SEA,PIT,276.5,2125.0
SEA,PSC,68.0,172.0
SEA,PSP,170.0,987.0
SEA,RDD,101.0,479.0
SEA,RDM,75.0,228.0
SEA,RDU,305.0,2354.0
SEA,RNO,111.0,564.0
SEA,RSW,332.0,2623.0
SEA,SAN,172.0,1050.0
SEA,SAT,244.0,1774.0
SEA,SBA,148.0,908.0
SEA,SBP,144.0,847.0
SEA,SFO,136.0,679.0
SEA,SIT,149.0,861.0
SEA,SJC,135.0,696.0
SEA,SLC,126.0,689.0
SEA,SMF,118.0,605.0
SEA,SNA,169.0,978.0
SEA,STL,238.0,1709.0
SEA,STS,122.0,618.0
SEA,SUN,103.0,475.0
SEA,TPA,327.0,2520.0
SEA,TUS,190.0,1216.0
SFB,ABE,146.0,882.0
SFB,ACY,138.0,829.0
SFB,ALB,163.0,1049.0
SFB,ATW,179.0,1141.0
SFB,AUS,158.5,994.0
SFB,AVL,91.0,465.0
SFB,BGR,187.0,1299.0
SFB,BIS,254.0,1628.0
SFB,BLV,134.0,835.0
SFB,BMI,151.0,917.0
SFB,BNA,116.0,598.0
SFB,CAE,90.0,356.0
SFB,CAK,134.5,837.0
SFB,CHA,95.0,490.0
SFB,CID,167.0,1078.0
SFB,CKB,120.0,727.0
SFB,CVG,129.5,735.0
SFB,DAY,135.0,785.0
SFB,DSM,184.0,1124.0
SFB,ELM,151.0,954.0
SFB,EVV,130.0,734.0
SFB,EYW,72.0,292.0
SFB,FAR,230.0,1508.0
SFB,FNT,160.0,988.0
SFB,FSD,209.0,1334.0
SFB,FWA,139.0,870.0
SFB,GFK,249.0,1573.0
SFB,GRR,157.0,1001.0
SFB,GSP,83.0,425.0
SFB,HGR,131.0,780.0
SFB,HTS,112.0,665.0
SFB,IAG,155.0,996.0
SFB,ICT,177.0,1117.0
SFB,IND,137.5,807.0
SFB,LCK,129.0,767.0
SFB,LEX,117.0,667.0
SFB,LIT,138.0,765.0
SFB,MDT,137.0,827.0
SFB,MEM,127.0,671.0
SFB,MFE,198.0,1059.0
SFB,MLI,160.0,1018.0
SFB,MOT,261.0,1717.0
SFB,OKC,173.0,1061.0
SFB,OMA,199.0,1195.0
SFB,ORF,111.5,631.0
SFB,PBG,175.0,1175.0
SFB,PIA,154.0,949.0
SFB,PIT,134.0,809.0
SFB,PSM,168.0,1144.0
SFB,PVU,299.0,1898.0
SFB,RAP,248.0,1599.0
SFB,RFD,165.0,1025.0
SFB,RIC,111.5,643.0
SFB,ROA,112.5,594.0
SFB,SBN,149.5,936.0
SFB,SDF,124.0,698.0
SFB,SGF,153.0,914.0
SFB,SWF,162.0,965.0
SFB,SYR,158.0,1029.0
SFB,TOL,143.0,895.0
SFB,TRI,100.0,535.0
SFB,TUL,177.0,995.0
SFB,TVC,177.0,1127.0
SFB,TYS,97.0,511.0
SFB,USA,93.0,457.0
SFB,XNA,157.0,920.0
SFO,ABQ,155.0,896.0
SFO,ACV,81.0,250.0
SFO,ANC,293.0,2018.0
SFO,ASE,148.0,848.0
SFO,ATL,281.0,2139.0
SFO,AUS,215.0,1504.0
SFO,BFL,80.0,238.0
SFO,BIH,71.0,221.0
SFO,BNA,260.0,1969.0
SFO,BOI,105.0,522.0
SFO,BOS,343.0,2704.0
SFO,BUR,83.0,326.0
SFO,BWI,317.0,2457.0
SFO,BZN,140.0,807.0
SFO,CLE,285.0,2161.0
SFO,CLT,303.0,2296.0
SFO,CMH,281.0,2120.0
SFO,DCA,313.0,2442.0
SFO,DEN,158.0,967.0
SFO,DFW,214.0,1464.0
SFO,DTW,270.0,2079.0
SFO,EGE,168.0,847.0
SFO,EUG,98.0,451.0
SFO,EWR,335.0,2565.0
SFO,FAT,70.0,158.0
SFO,FCA,150.0,844.0
SFO,FLL,330.0,2584.0
SFO,GEG,136.0,733.0
SFO,HDN,150.0,838.0
SFO,HNL,335.0,2398.0
SFO,IAD,310.0,2419.0
SFO,IAH,234.0,1635.0
SFO,IND,261.5,1943.0
SFO,JAC,136.0,737.0
SFO,JFK,340.0,2586.0
SFO,KOA,339.5,2367.0
SFO,LAS,101.0,414.0
SFO,LAX,92.0,337.0
SFO,LIH,347.0,2446.0
SFO,MCI,220.0,1499.0
SFO,MCO,322.0,2446.0
SFO,MDW,245.0,1855.0
SFO,MFR,84.0,329.0
SFO,MIA,333.0,2585.0
SFO,MRY,60.0,77.0
SFO,MSO,135.5,769.0
SFO,MSP,220.0,1589.0
SFO,MSY,252.0,1911.0
SFO,MTJ,144.0,791.0
SFO,OGG,335.0,2338.0
SFO,OMA,210.0,1433.0
SFO,ONT,88.0,363.0
SFO,ORD,262.0,1846.0
SFO,OTH,104.0,412.0
SFO,PDX,110.0,550.0
SFO,PHL,323.0,2522.0
SFO,PHX,122.0,651.0
SFO,PIT,291.0,2254.0
SFO,PSC,122.0,620.0
SFO,PSP,99.0,421.0
SFO,RDD,70.0,199.0
SFO,RDM,100.0,462.0
SFO,RDU,310.0,2400.0
SFO,RNO,70.0,192.0
SFO,SAN,99.0,447.0
SFO,SAT,217.0,1482.0
SFO,SBA,77.0,262.0
SFO,SBP,74.0,191.0
SFO,SEA,136.0,679.0
SFO,SLC,115.0,599.0
SFO,SMF,56.0,86.0
SFO,SNA,99.0,372.0
SFO,STL,232.0,1735.0
SFO,SUN,114.5,587.0
SFO,TPA,312.0,2393.0
SFO,TUS,134.0,751.0
SGF,ATL,114.0,563.0
SGF,AZA,178.0,1066.0
SGF,CLT,133.0,708.0
SGF,DEN,135.0,637.0
SGF,DFW,92.0,364.0
SGF,IAH,129.0,513.0
SGF,LAS,188.0,1209.0
SGF,LAX,219.0,1423.0
SGF,MIA,166.0,1102.0
SGF,ORD,106.0,438.0
SGF,PGD,145.0,975.0
SGF,PIE,132.0,895.0
SGF,SFB,136.0,914.0
SGF,VPS,110.0,610.0
SGU,DEN,115.0,517.0
SGU,DFW,161.0,976.0
SGU,LAX,95.5,349.0
SGU,PHX,77.0,262.0
SGU,SLC,75.0,272.0
SHR,DEN,96.0,359.0
SHV,ATL,109.0,552.0
SHV,BNA,95.0,481.0
SHV,CLT,142.0,764.0
SHV,DEN,154.0,792.0
SHV,DFW,77.0,190.0
SHV,IAH,74.0,192.0
SHV,LAS,202.0,1243.0
SHV,VPS,93.0,452.0
SIT,JNU,42.0,95.0
SIT,KTN,59.0,183.0
SIT,SEA,140.0,861.0
SJC,ATL,280.0,2116.0
SJC,AUS,200.0,1476.0
SJC,BNA,255.0,1947.0
SJC,BOI,100.0,523.0
SJC,BUR,70.0,296.0
SJC,BWI,305.0,2439.0
SJC,DAL,205.0,1450.0
SJC,DEN,155.0,948.0
SJC,DFW,215.0,1438.0
SJC,DTW,274.0,2062.0
SJC,EUG,95.0,471.0
SJC,GEG,125.0,742.0
SJC,HNL,340.0,2417.0
SJC,HOU,220.0,1621.0
SJC,IAH,233.0,1608.0
SJC,KOA,346.0,2384.0
SJC,LAS,90.0,386.0
SJC,LAX,85.0,308.0
SJC,LGB,80.0,324.0
SJC,LIH,343.0,2465.0
SJC,MDW,250.0,1838.0
SJC,MSP,222.5,1575.0
SJC,OGG,335.0,2355.0
SJC,ONT,75.0,333.0
SJC,ORD,262.0,1829.0
SJC,PDX,110.0,569.0
SJC,PHX,115.0,621.0
SJC,PSP,85.0,390.0
SJC,RNO,60.0,188.0
SJC,SAN,85.0,417.0
SJC,SEA,137.0,696.0
SJC,SLC,117.0,584.0
SJC,SNA,85.0,342.0
SJC,STL,227.5,1715.0
SJT,DFW,73.5,229.0
SJU,ATL,244.0,1547.0
SJU,AUS,325.0,2146.0
SJU,BDL,243.5,1666.0
SJU,BNA,275.0,1753.0
SJU,BOS,253.0,1674.0
SJU,BWI,250.0,1565.0
SJU,CLE,292.0,1839.0
SJU,CLT,240.0,1475.0
SJU,DCA,237.0,1554.0
SJU,DEN,391.0,2733.0
SJU,DFW,335.0,2165.0
SJU,DTW,288.0,1930.0
SJU,EWR,254.0,1608.0
SJU,FLL,168.0,1046.0
SJU,HOU,280.0,1997.0
SJU,HPN,245.0,1624.0
SJU,IAD,240.0,1571.0
SJU,IAH,297.0,2007.0
SJU,JAX,215.0,1288.0
SJU,JFK,245.0,1598.0
SJU,MCO,195.0,1189.0
SJU,MDW,315.0,2057.0
SJU,MIA,175.0,1045.0
SJU,MSP,349.0,2404.0
SJU,MSY,256.0,1720.0
SJU,ORD,319.0,2072.0
SJU,PHL,245.0,1576.0
SJU,PVD,246.0,1636.0
SJU,RDU,222.0,1433.0
SJU,SAT,306.0,2181.0
SJU,STL,295.0,2024.0
SJU,STT,39.0,68.0
SJU,STX,43.0,94.0
SJU,TPA,190.0,1237.0
SLC,ABQ,105.0,493.0
SLC,ANC,294.0,2125.0
SLC,ATL,223.0,1590.0
SLC,AUS,167.0,1086.0
SLC,BIL,88.0,387.0
SLC,BNA,196.0,1404.0
SLC,BOI,75.0,290.0
SLC,BOS,275.0,2105.0
SLC,BTM,88.0,358.0
SLC,BUR,122.0,574.0
SLC,BWI,245.0,1865.0
SLC,BZN,81.0,347.0
SLC,CDC,65.0,221.0
SLC,CLE,215.0,1565.0
SLC,CLT,236.0,1727.0
SLC,CMH,203.0,1528.0
SLC,COS,101.0,411.0
SLC,CVG,198.0,1450.0
SLC,DAL,155.0,999.0
SLC,DCA,248.5,1851.0
SLC,DEN,93.0,391.0
SLC,DFW,160.0,989.0
SLC,DTW,206.0,1481.0
SLC,EKO,62.0,200.0
SLC,EUG,123.5,618.0
SLC,EWR,261.0,1969.0
SLC,FAI,294.5,2183.5
SLC,FAT,111.0,501.0
SLC,FCA,108.0,531.5
SLC,FLL,274.0,2084.0
SLC,GEG,110.0,546.0
SLC,GJT,64.5,216.0
SLC,GTF,97.0,463.0
SLC,HLN,95.0,402.0
SLC,HNL,415.0,2994.0
SLC,HOU,180.0,1214.0
SLC,IAD,238.0,1828.0
SLC,IAH,184.0,1195.0
SLC,IDA,65.0,189.0
SLC,IND,188.0,1355.0
SLC,JAC,67.0,205.0
SLC,JFK,273.0,1990.0
SLC,KOA,413.0,2966.0
SLC,LAS,90.0,368.0
SLC,LAX,125.0,590.0
SLC,LGA,268.0,1983.0
SLC,LGB,120.0,588.0
SLC,LIT,178.0,1156.0
SLC,LWS,102.5,461.0
SLC,MCI,144.0,920.0
SLC,MCO,260.0,1931.0
SLC,MDW,182.5,1259.0
SLC,MEM,177.0,1262.0
SLC,MFR,117.5,575.0
SLC,MIA,277.0,2088.0
SLC,MKE,177.0,1247.0
SLC,MSO,99.0,436.0
SLC,MSP,154.0,991.0
SLC,MSY,201.0,1428.0
SLC,OAK,119.5,588.0
SLC,OGG,407.0,2935.0
SLC,OKC,143.0,866.0
SLC,OMA,141.0,840.0
SLC,ONT,113.0,558.0
SLC,ORD,195.0,1250.0
SLC,PDX,121.0,630.0
SLC,PHL,252.0,1927.0
SLC,PHX,102.5,507.0
SLC,PIH,59.0,150.0
SLC,PIT,219.0,1660.0
SLC,PSC,105.5,521.0
SLC,PSP,112.0,541.0
SLC,RDM,114.0,525.0
SLC,RDU,243.0,1824.0
SLC,RNO,94.0,422.0
SLC,SAN,117.0,626.0
SLC,SAT,163.0,1087.0
SLC,SBA,128.0,615.0
SLC,SEA,140.0,689.0
SLC,SFO,134.0,599.0
SLC,SGU,72.0,272.0
SLC,SJC,120.0,584.0
SLC,SMF,105.0,532.0
SLC,SNA,116.0,588.0
SLC,STL,168.0,1156.0
SLC,SUN,73.0,222.0
SLC,TPA,247.0,1888.0
SLC,TUL,150.0,926.0
SLC,TUS,117.5,600.0
SLC,TWF,59.0,175.0
SLC,WYS,71.5,273.0
SLC,XNA,158.0,1004.0
SLN,DEN,93.0,383.0
SLN,IAH,114.5,621.0
SLN,ORD,114.0,559.0
SMF,ANC,275.0,1973.0
SMF,ATL,269.0,2092.0
SMF,AUS,200.0,1481.0
SMF,BNA,250.0,1917.0
SMF,BOI,85.0,437.0
SMF,BOS,326.0,2636.0
SMF,BUR,75.0,358.0
SMF,BWI,295.0,2395.0
SMF,CLT,291.0,2244.0
SMF,DAL,195.0,1442.0
SMF,DEN,140.0,909.0
SMF,DFW,202.0,1431.0
SMF,DTW,259.0,2013.0
SMF,EUG,80.0,384.0
SMF,EWR,312.0,2500.0
SMF,GEG,110.0,649.0
SMF,HNL,340.0,2462.0
SMF,HOU,215.0,1624.0
SMF,IAD,299.0,2358.0
SMF,IAH,223.0,1609.0
SMF,JFK,321.0,2521.0
SMF,KOA,330.0,2435.0
SMF,LAS,90.0,397.0
SMF,LAX,97.0,373.0
SMF,LGB,85.0,387.0
SMF,LIH,332.5,2508.0
SMF,MCI,195.0,1442.0
SMF,MCO,305.0,2408.0
SMF,MDW,235.0,1790.0
SMF,MIA,318.0,2552.0
SMF,MSP,211.0,1517.0
SMF,OGG,330.0,2403.0
SMF,ONT,85.0,390.0
SMF,ORD,249.0,1781.0
SMF,PDX,95.0,479.0
SMF,PHX,114.0,647.0
SMF,PSP,90.0,439.0
SMF,SAN,90.0,480.0
SMF,SBA,75.0,310.0
SMF,SEA,123.0,605.0
SMF,SFO,65.0,86.0
SMF,SLC,100.0,532.0
SMF,SNA,90.0,404.0
SMF,STL,220.0,1679.0
SMF,TUS,125.0,752.0
SMX,LAS,75.5,310.0
SMX,PHX,107.0,494.0
SNA,ATL,253.0,1919.0
SNA,AUS,170.0,1209.0
SNA,BNA,235.0,1772.0
SNA,BOI,137.5,688.0
SNA,CLT,282.5,2099.0
SNA,COS,147.0,815.0
SNA,DAL,175.0,1216.0
SNA,DEN,140.0,846.0
SNA,DFW,184.0,1205.0
SNA,DSM,197.5,1428.5
SNA,DTW,258.0,1960.0
SNA,EUG,140.0,776.0
SNA,EWR,312.0,2433.0
SNA,IAH,193.0,1346.0
SNA,IDA,131.5,747.0
SNA,JFK,329.0,2454.0
SNA,LAS,73.0,226.0
SNA,MSO,145.5,935.0
SNA,MSP,220.0,1522.0
SNA,OAK,85.0,371.0
SNA,ORD,249.0,1726.0
SNA,PDX,151.5,859.0
SNA,PHX,80.0,338.0
SNA,PVU,103.0,565.0
SNA,SEA,176.0,978.0
SNA,SFO,94.0,372.0
SNA,SJC,80.0,342.0
SNA,SLC,115.0,588.0
SNA,SMF,90.0,404.0
SNA,STS,103.0,433.0
SNA,TUS,86.0,417.0
SPI,ORD,75.5,174.0
SPI,PGD,149.0,994.0
SPN,GUM,45.0,129.0
SPS,DFW,61.0,113.0
SRQ,ABE,160.0,1000.0
SRQ,ALB,177.0,1167.0
SRQ,ATL,104.0,444.0
SRQ,ATW,186.0,1209.0
SRQ,AUS,142.0,936.0
SRQ,AVL,102.0,554.0
SRQ,BLV,150.0,876.0
SRQ,BNA,120.0,648.0
SRQ,BOS,190.0,1220.0
SRQ,BUF,165.0,1093.0
SRQ,BWI,145.0,880.0
SRQ,CAK,148.0,934.0
SRQ,CID,186.5,1125.0
SRQ,CLE,170.0,967.0
SRQ,CLT,116.0,547.0
SRQ,CMH,140.0,869.0
SRQ,CVG,138.5,812.0
SRQ,DAL,170.0,934.0
SRQ,DCA,144.0,851.0
SRQ,DEN,252.0,1531.0
SRQ,DFW,177.0,945.0
SRQ,DSM,192.0,1160.0
SRQ,DTW,168.0,1022.0
SRQ,ELM,160.0,1067.0
SRQ,EWR,169.5,1034.0
SRQ,FNT,177.0,1075.0
SRQ,FWA,152.5,948.0
SRQ,GRR,167.0,1081.0
SRQ,GSP,101.5,517.0
SRQ,HOU,140.0,789.0
SRQ,IAD,139.5,849.0
SRQ,IND,148.0,876.0
SRQ,JFK,173.0,1041.0
SRQ,LCK,137.0,856.0
SRQ,LEX,131.0,743.0
SRQ,LGA,169.0,1047.0
SRQ,MCO,55.0,104.0
SRQ,MDT,154.0,942.0
SRQ,MDW,170.0,1035.0
SRQ,MIA,63.0,178.0
SRQ,MKE,180.0,1113.0
SRQ,MLI,167.0,1069.0
SRQ,MSP,217.0,1342.0
SRQ,OMA,197.0,1222.0
SRQ,ORD,190.0,1050.0
SRQ,PHL,161.0,957.0
SRQ,PIA,162.0,1001.0
SRQ,PIT,145.0,912.0
SRQ,PSM,190.0,1266.0
SRQ,RFD,175.5,1085.0
SRQ,ROA,126.0,701.0
SRQ,SBN,162.0,1009.0
SRQ,SDF,142.0,765.0
SRQ,STL,150.0,903.0
SRQ,SYR,179.5,1142.0
SRQ,TOL,154.0,981.0
SRQ,TYS,112.0,586.0
STC,AZA,198.0,1259.0
STC,PGD,208.0,1447.0
STL,ATL,95.0,484.0
STL,AUS,130.0,721.0
STL,BNA,70.0,272.0
STL,BOS,155.0,1047.0
STL,BUR,235.0,1583.0
STL,BWI,120.0,738.0
STL,CHS,120.0,706.0
STL,CLE,90.0,487.0
STL,CLT,115.0,575.0
STL,CMH,80.0,409.0
STL,DAL,105.0,546.0
STL,DCA,121.0,719.0
STL,DEN,145.0,770.0
STL,DFW,118.5,550.0
STL,DSM,70.0,259.0
STL,DTW,92.0,440.0
STL,ECP,105.0,634.0
STL,EWR,154.0,872.0
STL,FLL,160.0,1057.0
STL,HOU,130.0,687.0
STL,IAH,139.0,667.0
STL,ICT,85.0,392.0
STL,JAX,120.0,753.0
STL,LAS,215.0,1371.0
STL,LAX,245.0,1592.0
STL,LGA,145.0,888.0
STL,LGB,240.0,1581.0
STL,LIT,70.0,296.0
STL,MCI,65.0,237.0
STL,MCO,140.0,882.0
STL,MDW,70.0,251.0
STL,MIA,165.0,1068.0
STL,MKE,75.0,317.0
STL,MSP,95.0,448.0
STL,MSY,105.0,604.0
STL,MYR,115.0,728.0
STL,OKC,90.0,462.0
STL,OMA,75.0,342.0
STL,ORD,85.0,258.0
STL,ORF,125.0,785.0
STL,PBI,155.0,1023.0
STL,PHL,130.0,814.0
STL,PHX,205.5,1262.0
STL,PIT,95.0,554.0
STL,PNS,102.5,598.0
STL,RDU,110.0,668.0
STL,RSW,145.0,979.0
STL,SAN,235.0,1557.0
STL,SAT,135.0,786.0
STL,SAV,110.0,689.0
STL,SEA,269.0,1709.0
STL,SFO,266.5,1735.0
STL,SJC,250.0,1715.0
STL,SJU,260.0,2024.0
STL,SLC,195.0,1156.0
STL,SMF,255.0,1679.0
STL,SRQ,135.0,903.0
STL,TPA,135.0,869.0
STL,TUL,80.0,351.0
STL,VPS,107.5,610.0
STS,BUR,88.0,387.0
STS,DFW,216.0,1495.0
STS,LAS,100.0,454.0
STS,LAX,100.0,400.0
STS,PDX,102.0,489.0
STS,PHX,125.0,699.0
STS,PSP,110.0,478.0
STS,SAN,103.0,508.0
STS,SEA,125.0,618.0
STS,SNA,100.0,433.0
STT,ATL,250.0,1599.0
STT,BOS,262.0,1693.0
STT,CLT,250.0,1520.0
STT,DFW,315.0,2225.0
STT,EWR,273.0,1634.0
STT,FLL,180.0,1107.0
STT,IAD,252.0,1606.0
STT,IAH,306.0,2070.0
STT,JFK,265.0,1623.0
STT,MCO,214.0,1246.0
STT,MIA,187.0,1107.0
STT,ORD,335.0,2116.0
STT,PHL,260.0,1605.0
STT,SJU,49.0,68.0
STX,ATL,260.0,1638.0
STX,CLT,252.0,1562.0
STX,FLL,183.0,1140.0
STX,MIA,183.0,1139.0
STX,ORD,332.0,2158.0
STX,SJU,48.0,94.0
SUN,DEN,123.0,557.0
SUN,LAX,153.0,696.0
SUN,ORD,214.0,1341.0
SUN,SEA,118.0,475.0
SUN,SFO,135.0,587.0
SUN,SLC,66.0,222.0
SUX,DEN,107.5,466.0
SUX,ORD,104.0,436.0
SWF,FLL,205.0,1118.0
SWF,MYR,121.0,601.0
SWF,PGD,188.0,1101.0
SWF,PIE,180.0,1055.0
SWF,SFB,160.0,965.0
SWO,DFW,75.0,225.0
SYR,ATL,146.5,794.0
SYR,BNA,142.0,741.0
SYR,BOS,70.0,265.0
SYR,CLT,130.0,603.0
SYR,DCA,89.0,298.0
SYR,DEN,237.0,1492.0
SYR,DFW,226.0,1336.0
SYR,DTW,92.0,374.0
SYR,EWR,87.0,194.0
SYR,FLL,197.0,1197.0
SYR,IAD,89.0,295.0
SYR,JFK,81.0,209.0
SYR,LGA,75.5,198.0
SYR,MCO,179.0,1053.0
SYR,MIA,214.0,1217.0
SYR,MSP,175.0,860.0
SYR,MYR,116.0,668.0
SYR,ORD,135.0,607.0
SYR,PGD,183.0,1164.0
SYR,PHL,74.5,228.0
SYR,PIE,174.0,1111.0
SYR,RDU,109.5,519.0
SYR,SFB,168.0,1029.0
SYR,SRQ,192.0,1142.0
TLH,ATL,74.0,223.0
TLH,CLT,97.5,386.0
TLH,DCA,133.0,716.0
TLH,DFW,156.0,767.0
TLH,MIA,83.0,402.0
TOL,PGD,161.0,1016.0
TOL,PIE,143.5,945.0
TOL,SFB,142.5,895.0
TOL,SRQ,150.0,981.0
TPA,ACY,146.0,914.0
TPA,ALB,170.0,1130.0
TPA,ATL,97.0,406.0
TPA,AUS,165.0,928.0
TPA,BDL,170.0,1111.0
TPA,BHM,95.0,459.0
TPA,BNA,115.0,612.0
TPA,BOS,185.0,1185.0
TPA,BTV,197.5,1250.0
TPA,BUF,160.0,1053.0
TPA,BWI,140.0,842.0
TPA,CLE,159.0,927.0
TPA,CLT,110.0,507.0
TPA,CMH,135.0,829.0
TPA,CVG,140.0,773.0
TPA,DAL,165.0,917.0
TPA,DCA,137.0,814.0
TPA,DEN,245.0,1506.0
TPA,DFW,177.0,929.0
TPA,DTW,163.0,983.0
TPA,EWR,166.5,997.0
TPA,FLL,66.0,197.0
TPA,GRR,181.0,1041.0
TPA,HOU,147.5,781.0
TPA,HPN,171.0,1032.0
TPA,IAD,139.0,811.0
TPA,IAH,153.0,787.0
TPA,IND,140.0,837.0
TPA,ISP,165.0,1034.0
TPA,JFK,166.0,1005.0
TPA,LAS,300.0,1984.0
TPA,LAX,325.0,2158.0
TPA,LGA,161.0,1010.0
TPA,MCI,175.0,1048.0
TPA,MDW,165.0,997.0
TPA,MEM,120.0,655.0
TPA,MHT,175.0,1204.0
TPA,MIA,69.5,204.0
TPA,MKE,170.0,1075.0
TPA,MSP,206.0,1306.0
TPA,MSY,105.0,487.0
TPA,ORD,183.0,1012.0
TPA,PDX,372.0,2497.0
TPA,PHL,157.0,920.0
TPA,PHX,279.0,1788.0
TPA,PIT,140.0,873.0
TPA,PVD,170.0,1136.0
TPA,RDU,110.0,587.0
TPA,ROC,162.5,1079.0
TPA,SAN,317.0,2087.0
TPA,SAT,174.0,972.0
TPA,SDF,130.0,727.0
TPA,SEA,373.0,2520.0
TPA,SFO,353.0,2393.0
TPA,SJU,175.0,1237.0
TPA,SLC,289.0,1888.0
TPA,STL,150.0,869.0
TPA,TTN,161.0,955.0
TRI,ATL,72.0,227.0
TRI,DFW,165.0,868.0
TRI,PIE,99.0,590.0
TRI,SFB,94.0,535.0
TTN,ATL,142.5,701.0
TTN,MCO,168.0,896.0
TTN,PBI,181.0,985.0
TTN,RSW,188.0,1028.0
TTN,TPA,167.0,955.0
TUL,ATL,120.0,674.0
TUL,AUS,90.0,426.0
TUL,BNA,95.0,515.0
TUL,CLT,145.0,842.0
TUL,DAL,65.0,237.0
TUL,DCA,165.5,1050.0
TUL,DEN,116.0,541.0
TUL,DFW,82.0,237.0
TUL,HOU,95.0,453.0
TUL,IAH,104.0,429.0
TUL,LAS,175.0,1076.0
TUL,LAX,211.5,1283.0
TUL,LGA,189.0,1231.0
TUL,MCO,157.5,1006.0
TUL,MDW,105.0,583.0
TUL,MIA,180.0,1168.0
TUL,ORD,124.0,585.0
TUL,PHX,163.0,935.0
TUL,PIE,140.0,961.0
TUL,SFB,146.0,995.0
TUL,SLC,170.0,926.0
TUL,STL,75.0,351.0
TUL,VPS,114.0,669.0
TUS,ATL,211.0,1541.0
TUS,DAL,125.0,824.0
TUS,DEN,115.0,639.0
TUS,DFW,136.0,813.0
TUS,HOU,140.0,945.0
TUS,IAH,145.0,936.0
TUS,LAS,85.0,365.0
TUS,LAX,107.0,451.0
TUS,MDW,195.0,1440.0
TUS,MSP,193.0,1298.0
TUS,ORD,211.5,1437.0
TUS,PDX,199.0,1119.0
TUS,PHX,58.0,110.0
TUS,SAN,80.0,368.0
TUS,SEA,205.0,1216.0
TUS,SFO,147.0,751.0
TUS,SLC,122.0,600.0
TUS,SMF,136.0,752.0
TUS,SNA,102.0,417.0
TVC,AZA,247.0,1599.0
TVC,BOS,126.0,749.0
TVC,CLT,135.0,702.0
TVC,DCA,111.5,599.0
TVC,DEN,179.0,1032.0
TVC,DFW,172.0,1022.0
TVC,DTW,68.0,207.0
TVC,FLL,210.0,1322.0
TVC,IAD,104.0,578.0
TVC,IAH,210.0,1149.0
TVC,LGA,127.0,655.0
TVC,MSP,91.0,376.0
TVC,ORD,84.0,224.0
TVC,PGD,196.0,1245.0
TVC,PHL,115.5,627.0
TVC,PIE,174.0,1172.0
TVC,SFB,176.0,1126.0
TWF,SLC,61.0,175.0
TXK,DFW,72.0,181.0
TYR,DFW,62.0,102.0
TYS,ATL,65.0,152.0
TYS,AUS,154.0,882.0
TYS,BLV,77.0,373.0
TYS,BOS,135.0,830.0
TYS,CLT,78.0,177.0
TYS,DCA,98.0,437.0
TYS,DEN,206.5,1162.0
TYS,DFW,152.0,772.0
TYS,EWR,110.0,631.0
TYS,EYW,131.0,787.0
TYS,FLL,123.0,709.0
TYS,HOU,130.5,782.0
TYS,IAD,101.0,419.5
TYS,JAX,79.0,390.0
TYS,LAS,266.0,1739.0
TYS,LGA,123.0,647.0
TYS,MCO,102.5,532.0
TYS,MDW,93.0,459.0
TYS,MEM,85.5,342.0
TYS,MIA,130.0,724.0
TYS,ORD,122.0,475.0
TYS,PGD,110.0,624.0
TYS,PHL,116.0,555.0
TYS,PHX,245.0,1599.0
TYS,PIE,101.0,550.0
TYS,SBN,83.0,426.0
TYS,SFB,95.0,511.0
TYS,SRQ,105.0,586.0
TYS,VPS,81.0,395.0
USA,FLL,116.0,643.0
USA,PGD,111.0,588.0
USA,PIE,100.0,528.0
USA,SFB,89.0,457.0
VCT,IAH,53.0,123.0
VPS,ATL,76.0,250.0
VPS,BLV,106.0,587.0
VPS,BNA,90.0,389.0
VPS,BOS,181.5,1187.0
VPS,BWI,135.0,819.0
VPS,CLT,107.0,460.0
VPS,CVG,113.0,600.0
VPS,DAL,120.0,630.0
VPS,DCA,133.0,789.0
VPS,DFW,140.0,641.0
VPS,DSM,141.5,860.0
VPS,DTW,148.0,828.0
VPS,EVV,100.0,524.0
VPS,EWR,155.0,988.0
VPS,FNT,150.0,874.0
VPS,GRR,135.0,857.0
VPS,HOU,110.0,527.0
VPS,HTS,103.0,589.0
VPS,ICT,136.0,796.0
VPS,IND,113.0,637.0
VPS,LCK,118.0,675.0
VPS,MCI,135.0,764.0
VPS,MDW,137.0,782.0
VPS,MEM,86.0,373.0
VPS,MSP,177.0,1058.0
VPS,OKC,132.0,726.0
VPS,OMA,155.0,911.0
VPS,ORD,161.0,796.0
VPS,PHL,153.0,908.0
VPS,PIA,127.0,724.0
VPS,PIT,128.0,775.0
VPS,SDF,103.0,532.0
VPS,SGF,114.0,610.0
VPS,STL,115.0,610.0
VPS,TUL,119.0,669.0
VPS,TYS,81.0,395.0
VPS,XNA,113.0,601.0
VRB,JFK,154.0,972.0
WRG,KTN,35.0,82.0
WRG,PSG,25.0,31.0
WYS,DEN,103.0,469.0
WYS,SLC,70.0,273.0
XNA,ATL,113.5,589.0
XNA,AZA,172.0,1006.0
XNA,BNA,88.0,426.0
XNA,CLT,137.0,754.0
XNA,DCA,157.0,963.0
XNA,DEN,130.0,616.0
XNA,DFW,85.0,280.0
XNA,FLL,163.0,1092.0
XNA,GUF,107.0,563.0
XNA,IAH,115.0,438.0
XNA,LAS,179.0,1163.0
XNA,LAX,221.5,1371.0
XNA,LGA,180.0,1147.0
XNA,MIA,170.0,1099.0
XNA,MSP,120.0,596.0
XNA,ORD,115.0,522.0
XNA,PHL,164.0,1067.0
XNA,PHX,176.5,1023.0
XNA,PIE,135.5,892.0
XNA,SFB,136.0,920.0
XNA,SLC,178.0,1004.0
XNA,VPS,106.0,601.0
XWA,DEN,130.0,582.0
XWA,MSP,118.0,553.0
YAK,CDV,56.0,213.0
YAK,JNU,52.0,199.0
YUM,DFW,162.5,1022.0
YUM,PHX,61.0,160.0
